"country","iso2c","iso3c","year","poblacion_total","crecimiento_poblacion","tasa_natalidad","tasa_mortalidad","migracion_neta","tasa_fecundidad","esperanza_vida","mortalidad_niniez","poblacion_0_14","poblacion_15_64","poblacion_65_mas","dependencia_total","dependencia_joven","dependencia_mayores"
"Afghanistan","AF","AFG",1960,9035043,NA,50.516,31.672,2606,7.282,32.799,350.6,41.9467543238724,55.2298835085852,2.82336216754241,81.0613894386502,75.9493703863132,5.11201905233701
"Afghanistan","AF","AFG",1961,9214083,1.9622391202036,50.566,31.129,6109,7.284,33.291,345.2,42.0285881948318,55.1620546504736,2.80935715469461,81.2840359519206,76.1911292021901,5.09290674973051
"Afghanistan","AF","AFG",1962,9404406,2.0445228359303,50.666,30.63,7016,7.292,33.757,340.2,42.1128139299813,55.0943515199152,2.79283455010343,81.5068083352119,76.4376325923089,5.06917574290293
"Afghanistan","AF","AFG",1963,9604487,2.1052082248002,50.787,30.168,6681,7.302,34.201,335,42.2359518004449,54.9889910830219,2.77505711653314,81.8545805002831,76.8080114969298,5.04656900335327
"Afghanistan","AF","AFG",1964,9814318,2.16119547210755,50.852,29.672,7079,7.304,34.673,329.7,42.4095387983149,54.8326689638547,2.75779223783048,82.3730133850468,77.3435538691874,5.02945951585938
"Afghanistan","AF","AFG",1965,10036008,2.23370858013984,50.889,29.193,10695,7.305,35.124,324.5,42.6422367019717,54.616090649983,2.74167264804529,83.0962139283287,78.0763234831312,5.01989044519751
"Afghanistan","AF","AFG",1966,10266395,2.26965142881696,51.018,28.733,3563,7.32,35.583,319.5,42.9102864247869,54.3629579808686,2.72675559434446,83.9487837199585,78.9329589279277,5.01582479203084
"Afghanistan","AF","AFG",1967,10505959,2.30666800699098,51.106,28.265,6824,7.339,36.042,314.8,43.1724224318789,54.1143364446787,2.71324112344242,84.793913350911,79.7800089002556,5.01390445065547
"Afghanistan","AF","AFG",1968,10756922,2.36068343389987,51.209,27.801,3333,7.363,36.51,310,43.4292236863493,53.8705242015571,2.70025211209359,85.6302795087328,80.6177941986019,5.01248531013096
"Afghanistan","AF","AFG",1969,11017409,2.39272037816067,51.28,27.334,2029,7.389,36.979,304.9,43.6819809448846,53.6316796444609,2.68633941065454,86.456962149139,81.4480957456495,5.00886640348956
"Afghanistan","AF","AFG",1970,11290128,2.4452057451213,51.207,26.838,4458,7.4,37.46,300,43.9262709832108,53.4023508591909,2.67137815759831,87.257666613481,82.2553064306771,5.00236018280387
"Afghanistan","AF","AFG",1971,11567667,2.42851631309344,51.303,26.383,-12801,7.432,37.932,344.3,44.1603244560755,53.1840321309374,2.6556434129871,88.026352404817,83.0330427466682,4.99330965814889
"Afghanistan","AF","AFG",1972,11853696,2.44258389899974,51.244,25.882,-4050,7.453,38.423,337.9,44.3879908848683,52.9729335052966,2.63907560983511,88.7756358202595,83.7937040580158,4.98193176224362
"Afghanistan","AF","AFG",1973,12157999,2.53475893911385,51.278,25.364,-3030,7.487,38.951,284.7,44.6099459043406,52.7674598111309,2.62259428452847,89.5107402157941,84.5406421699309,4.97009804586322
"Afghanistan","AF","AFG",1974,12469127,2.5268442145866,51.373,24.889,-20009,7.526,39.469,279.5,44.828404780399,52.5641391159196,2.60745610368136,90.2437777766589,85.2832549800596,4.9605227965993
"Afghanistan","AF","AFG",1975,12773954,2.41525048462279,51.321,24.403,-44418,7.542,39.994,274.2,45.0409559953011,52.3650116479204,2.59403235677849,90.9672209131238,86.0134619369295,4.95375897619434
"Afghanistan","AF","AFG",1976,13059851,2.21344608328696,51.329,23.934,-85430,7.561,40.518,268.6,45.2460024237642,52.1718241655284,2.58217341070737,91.6743266335102,86.7249631360274,4.94936349748289
"Afghanistan","AF","AFG",1977,13340756,2.1280995644747,51.331,23.404,-83115,7.591,41.082,262.9,45.4464744934067,51.9817860403943,2.57173946619894,92.3750674680591,87.4276885886367,4.94737887942241
"Afghanistan","AF","AFG",1978,13611441,2.00869785436837,51.288,24.171,-117186,7.599,40.086,256.9,45.6448512688701,51.7959781040082,2.5591706271217,93.0651831676898,88.1243157088636,4.94086745882622
"Afghanistan","AF","AFG",1979,13655567,0.323658822560684,52.029,25.538,-525413,7.612,38.844,251.1,45.8463094209124,51.6136678909049,2.54002268818278,93.747143749577,88.8259156069425,4.92122814263453
"Afghanistan","AF","AFG",1980,13169311,-3.62580787978915,53.452,25.706,-1174239,7.643,39.258,245.2,46.0564282346879,51.4266330475971,2.51693871771505,94.4517656835338,89.5575407310677,4.89422495246609
"Afghanistan","AF","AFG",1981,11937581,-9.81977073931242,55.185,26.413,-1998086,7.617,39.406,239,46.266479783467,51.2400753553002,2.49344486123277,95.1597438213452,90.2935428101997,4.86620101114549
"Afghanistan","AF","AFG",1982,10991378,-8.25803438536739,51.973,28.026,-500998,7.6,36.058,277,46.4710839714547,51.0681008332167,2.46081519532856,95.8169549452993,90.9982526552229,4.81870229007634
"Afghanistan","AF","AFG",1983,10917982,-0.669999256586122,51.173,27.013,-172797,7.57,36.517,271.2,46.6476817785558,50.928972038972,2.42334618247218,96.3518916570271,91.5936145784776,4.75827707854952
"Afghanistan","AF","AFG",1984,11190221,2.46291172007885,50.351,32.008,248224,7.554,31.473,303.8,46.820695193567,50.8047092722874,2.37459553414559,96.8321378522571,92.158178865358,4.67395898689905
"Afghanistan","AF","AFG",1985,11426852,2.09257523944359,51.693,31.699,-208685,7.55,32.132,296,47.0002324349698,50.6836528555721,2.31611470945804,97.3022747294073,92.7325277223042,4.56974700710311
"Afghanistan","AF","AFG",1986,11420074,-0.0593340233066949,52.195,25.044,-343397,7.553,38.4,250.5,47.160217488968,50.5628050467451,2.2769774642869,97.7738465721445,93.2705725878936,4.50327398425093
"Afghanistan","AF","AFG",1987,11387818,-0.282849651384286,52.222,24.617,-345535,7.548,38.831,244.2,47.2958582892764,50.4483057927205,2.25583591800308,98.2227033395005,93.7511325142155,4.47157082528498
"Afghanistan","AF","AFG",1988,11523298,1.18267114653938,51.708,20.606,-56263,7.551,43.238,194.3,47.421250409388,50.334630762825,2.24411882778698,98.6703927392961,94.2119844302162,4.4584083090799
"Afghanistan","AF","AFG",1989,11874088,2.9987647953118,51.682,19.582,18296,7.559,44.496,187.8,47.5389730983971,50.2181683342754,2.24285856732744,99.131117841189,94.6648881283405,4.46622971284846
"Afghanistan","AF","AFG",1990,12045660,1.43458821147838,52.888,19.479,-458737,7.576,45.118,181.4,47.6732698747931,50.0840136613519,2.24271646385503,99.6645090710183,95.1866002536073,4.47790881741105
"Afghanistan","AF","AFG",1991,12238879,1.59132588364829,52.279,18.783,32782,7.631,45.521,175.2,47.8412524545753,49.9166876312773,2.24205991414737,100.333805677725,95.8422017261386,4.49160395158615
"Afghanistan","AF","AFG",1992,13278974,8.15641941048095,50.315,17.17,1197329,7.703,46.569,169.1,48.0389617465537,49.718846867192,2.24219138625437,101.130964399038,96.6212234099997,4.50974098903797
"Afghanistan","AF","AFG",1993,14943172,11.8072591071712,50.834,14.613,1149684,7.761,51.021,163.5,48.2471626506072,49.5057508539686,2.24708649542413,101.99673440322,97.4576927594942,4.53904164372607
"Afghanistan","AF","AFG",1994,16250794,8.38872960212999,52.41,14.929,315206,7.767,50.969,158.3,48.4838695117337,49.2618899340583,2.25424055420798,102.99668425802,98.4206505369843,4.57603372103597
"Afghanistan","AF","AFG",1995,17065836,4.89368011973163,52.683,14.403,52505,7.767,52.103,153.4,48.7431804906358,48.997366697927,2.25945281143721,104.092606744234,99.4812247587544,4.61138198547922
"Afghanistan","AF","AFG",1996,17763266,4.00540467357125,52.491,13.928,4072,7.757,52.83,148.8,49.0096387680058,48.7272526347351,2.26310859725909,105.223953365424,100.579512433176,4.64444093224788
"Afghanistan","AF","AFG",1997,18452091,3.80450803445817,52.117,13.651,-21215,7.732,53.212,144.4,49.2884207733308,48.4467031826717,2.26487604399751,106.412388709347,101.737403838947,4.67498487040001
"Afghanistan","AF","AFG",1998,19159996,3.7646866376293,51.457,13.886,7380,7.693,52.487,140.2,49.5648968184778,48.1710394973736,2.26406368414857,107.593615693214,102.893558734975,4.70005695823933
"Afghanistan","AF","AFG",1999,19887785,3.72811603964771,50.948,12.697,-32400,7.641,54.532,136,49.8183244091367,47.9188745232029,2.2628010676604,108.686030843852,103.963881228579,4.72214961527294
"Afghanistan","AF","AFG",2000,20130327,1.21217597601851,51.491,12.608,-1025973,7.566,55.005,131.7,50.0249300470877,47.713099742493,2.26197021041933,109.586047730495,104.845273765636,4.74077396485904
"Afghanistan","AF","AFG",2001,20284307,0.762004896898895,49.623,11.954,-212872,7.453,55.511,127.5,50.1686895194398,47.5693623647088,2.26194811585133,110.219341359285,105.464293875656,4.75504748362933
"Afghanistan","AF","AFG",2002,21378117,5.25202958527833,47.488,11.187,860349,7.32,56.225,123.1,50.2378974724481,47.498128576993,2.26397395055888,110.534611030603,105.768162057,4.76644897360256
"Afghanistan","AF","AFG",2003,22733049,6.14519400188515,47.056,10.714,247317,7.174,57.171,118.5,50.2402911285679,47.4929561802291,2.26675269120301,110.557539565476,105.784720870845,4.77281869463128
"Afghanistan","AF","AFG",2004,23560654,3.57583485398158,46.492,10.375,-269194,7.018,57.81,113.9,50.1769146598586,47.5544385897446,2.2686467503968,110.285308007212,105.514677301786,4.77063070542604
"Afghanistan","AF","AFG",2005,24404567,3.51921696042587,44.952,9.913,250971,6.858,58.247,109.3,50.0495665421968,47.6806841112977,2.26974934650551,109.728525433204,104.968217894659,4.76030753854437
"Afghanistan","AF","AFG",2006,25424094,4.09270201656348,44.087,9.659,57673,6.686,58.553,104.8,49.8559368554896,47.872283121037,2.2717800234734,108.889135191956,104.143637375572,4.74549781638364
"Afghanistan","AF","AFG",2007,25909852,1.8925975396006,43.831,9.487,-851298,6.508,58.956,100.4,49.5860532125,48.1377315470579,2.27621524044213,107.737250564546,103.00870360712,4.72854695742565
"Afghanistan","AF","AFG",2008,26482622,2.18654618162979,42.538,8.884,215753,6.392,59.708,96.1,49.2514090938579,48.4650217036667,2.28356920247549,106.334375525183,101.62258744949,4.71178807569322
"Afghanistan","AF","AFG",2009,27466101,3.64638090813246,42.162,8.645,-60602,6.295,60.248,91.9,48.8782053353369,48.8282510289366,2.29354363572652,104.799467490534,100.102302423412,4.69716506712254
"Afghanistan","AF","AFG",2010,28284089,2.93468670173474,41.759,8.402,-167460,6.195,60.702,88,48.4673299618618,49.2260551369721,2.30661490116607,103.144455694301,98.458695491197,4.6857602031036
"Afghanistan","AF","AFG",2011,29347708,3.69150308391849,40.973,8.032,384486,6.094,61.25,84.3,48.0397975201334,49.6380620251503,2.32214045471626,101.458308292088,96.7801632564467,4.67814503564169
"Afghanistan","AF","AFG",2012,30560034,4.04786256315645,40.702,7.822,68628,5.985,61.735,80.8,47.6053053475006,50.0567833137882,2.33791133871121,99.7731309368865,95.1026091413099,4.67052179557662
"Afghanistan","AF","AFG",2013,31622704,3.41822667584596,40.288,7.597,18119,5.879,62.188,77.6,47.161386009242,50.4888449766978,2.34976901406028,98.063558808759,93.4095196912327,4.65403911752632
"Afghanistan","AF","AFG",2014,32792523,3.63251884652008,39.646,7.511,233913,5.77,62.26,74.6,46.7130662681856,50.9303980666568,2.35653566515757,96.3463937851296,91.7194238410017,4.62696994412791
"Afghanistan","AF","AFG",2015,33831764,3.11995924146907,39.364,7.528,-286314,5.652,62.27,71.9,46.2593370280565,51.3839679093288,2.35669506261475,94.6132337112821,90.0267905683716,4.58644314291051
"Afghanistan","AF","AFG",2016,34700612,2.53571991833963,38.732,7.32,-143049,5.542,62.646,69.4,45.801448689147,51.843053949596,2.35549736125691,92.8898712202104,88.3463553934864,4.54351582672391
"Afghanistan","AF","AFG",2017,35688935,2.80833730805469,38.171,7.315,-71491,5.433,62.406,67.1,45.3646045386981,52.2756584397329,2.35973702156897,91.2936186853936,86.7795924086167,4.51402627677695
"Afghanistan","AF","AFG",2018,36743039,2.91080959861384,37.624,7.271,-36753,5.327,62.443,64.8,44.9596071789272,52.6732723441847,2.36712047688815,89.8496059758101,85.3556370774652,4.49396889834487
"Afghanistan","AF","AFG",2019,37856121,2.98438913621969,37.138,7.064,9159,5.238,62.941,62.7,44.5768321059625,53.0470145105464,2.37615338349114,88.5120276122222,84.0326903183033,4.47933729391896
"Afghanistan","AF","AFG",2020,39068979,3.15360920291972,36.601,7.565,143634,5.145,61.454,60.7,44.2241042439322,53.4051619316696,2.37073382439812,87.2478169146763,82.8086718663843,4.43914504829198
"Afghanistan","AF","AFG",2021,40000412,2.35609779179185,36.342,8.002,-548784,5.039,60.417,58.7,43.90812524631,53.7393252349501,2.35254951873996,86.0834681804276,81.7057602287166,4.37770795171109
"Afghanistan","AF","AFG",2022,40578842,1.43570437048699,36.045,5.993,-647402,4.932,65.617,56.8,43.5798414355935,54.0650161973572,2.35514236704931,84.9624893289139,80.6063615512807,4.35612777763319
"Afghanistan","AF","AFG",2023,41454761,2.13559384981397,35.437,5.797,-48958,4.84,66.035,54.9,43.2262038611198,54.3962586106817,2.37753752819851,83.8361728436287,79.4653966265569,4.37077621707188
"Afghanistan","AF","AFG",2024,42647492,2.83657317243522,35.007,5.702,-44089,4.761,66.289,53,42.8875055536677,54.7115244197713,2.400970026561,82.7768483158234,78.3884288293884,4.388419486435
"Afghanistan","AF","AFG",2025,43844111,2.76719430653303,NA,NA,-74404,NA,NA,NA,42.5609240593232,55.013497080446,2.42557886023075,81.7735722442193,77.3645129250492,4.40905931917006
"Argentina","AR","ARG",1960,20386045,NA,24.152,8.654,20387,3.136,64.242,NA,31.2161628211848,63.5083337645924,5.27550341422282,57.4596515380821,49.1528587906947,8.30679274738743
"Argentina","AR","ARG",1961,20726276,1.65516691395024,23.857,8.523,26322,3.12,64.631,NA,31.1030283491352,63.4749315313566,5.4220401195082,57.5425154277645,49.0004970359887,8.54201839177579
"Argentina","AR","ARG",1962,21072538,1.65684089054911,23.753,8.712,31449,3.126,64.618,NA,30.9596942959672,63.4737480726397,5.56655763139311,57.5454430590788,48.7755849674742,8.7698580916046
"Argentina","AR","ARG",1963,21421705,1.64339841718671,23.504,8.704,32866,3.109,64.855,NA,30.7994811804196,63.493748513482,5.70677030609842,57.4958259943449,48.5078972870746,8.98792870727025
"Argentina","AR","ARG",1964,21769453,1.61030882522813,23.174,8.887,34530,3.075,64.816,NA,30.6354015731263,63.5190153027957,5.84558312407797,57.4331658776972,48.2302822832535,9.20288359444369
"Argentina","AR","ARG",1965,22112629,1.56411446631364,22.612,8.831,36083,3.005,65.053,NA,30.4523733823696,63.5616989829274,5.98592763470306,57.3274461491482,47.9099388601897,9.41750728895851
"Argentina","AR","ARG",1966,22453893,1.53151134539948,22.313,8.775,37752,2.966,65.398,NA,30.2381135030374,63.6299296436019,6.13195685336073,57.158750271918,47.5218437285563,9.63690654336172
"Argentina","AR","ARG",1967,22799059,1.52552564515699,22.445,8.896,39711,2.982,65.467,NA,30.0258949283828,63.6976727855303,6.27643228608689,56.9916067996698,47.1381383469892,9.85346845268057
"Argentina","AR","ARG",1968,23150583,1.5300700621594,22.691,9.195,42014,3.011,65.234,NA,29.8415119826572,63.7478265666139,6.41066145072891,56.8680946746556,46.8118092472459,10.0562854274097
"Argentina","AR","ARG",1969,23508711,1.53510695155484,23.027,9.453,42688,3.049,65.085,72.6,29.6979383514477,63.7718248354833,6.53023681306899,56.8090614593154,46.5690617367979,10.2399997225175
"Argentina","AR","ARG",1970,23878327,1.56001941277121,23.355,9.154,38355,3.085,65.647,71.8,29.5906451067531,63.7589957621403,6.65035913110663,56.840614737403,46.4101477465851,10.4304669908179
"Argentina","AR","ARG",1971,24257208,1.57425828869798,23.57,9.352,35442,3.108,65.619,70.8,29.5212272574816,63.7054004731295,6.77337226938896,56.9725645615859,46.3402288413393,10.6323357202466
"Argentina","AR","ARG",1972,24644328,1.58329622607322,23.823,9.303,36050,3.135,65.953,69.7,29.4953893650498,63.6171921587799,6.88741847617026,57.1902082085568,46.3638607656702,10.8263474428866
"Argentina","AR","ARG",1973,25046005,1.61675611830692,24.121,9.314,38589,3.17,66.186,68.1,29.5175318379119,63.4889815761036,6.99348658598447,57.5076504015073,46.4923739987786,11.0152764027287
"Argentina","AR","ARG",1974,25461351,1.64473215761616,24.493,9.25,33134,3.216,66.405,66.1,29.5743582022485,63.325924129594,7.09971766815747,57.9132089064774,46.7018171335547,11.2113917729227
"Argentina","AR","ARG",1975,25874107,1.60810835620248,24.927,9.098,-5293,3.271,66.965,63.3,29.6516720431806,63.1366994977508,7.21162845906859,58.3864821235626,46.9642399019543,11.4222422216083
"Argentina","AR","ARG",1976,26282283,1.56523230766791,25.235,9.166,-10235,3.317,67.03,59.8,29.7692936340424,62.9059050920348,7.32480127392282,58.9675879453518,47.3235280384063,11.6440599069455
"Argentina","AR","ARG",1977,26701805,1.58361041281169,25.48,8.94,-14675,3.359,67.595,55.7,29.9237579631789,62.6358798590582,7.44036217776289,59.6529069513677,47.7741524468592,11.8787545045085
"Argentina","AR","ARG",1978,27132158,1.59885003313826,25.383,8.856,-14665,3.359,67.999,51.2,30.0949694103759,62.3488714452583,7.55615914436587,60.3878298432888,48.2686703954709,12.1191594478179
"Argentina","AR","ARG",1979,27568895,1.59684779867466,25.12,8.799,-10213,3.339,68.434,46.8,30.2744814400432,62.0650736999071,7.6604448600497,61.1212136531302,48.7786119233893,12.3426017297409
"Argentina","AR","ARG",1980,28011596,1.59304228632554,24.72,8.879,1932,3.301,68.576,42.8,30.4628691906225,61.7909122030942,7.74621860628329,61.8360931237676,49.2999182314986,12.536174892269
"Argentina","AR","ARG",1981,28463959,1.60201232076144,24.25,8.704,16569,3.253,68.858,39.4,30.6465010717589,61.5282259224727,7.82527300576845,62.5270329198226,49.8088517406331,12.7181811791895
"Argentina","AR","ARG",1982,28924262,1.60420679867482,23.771,8.838,29616,3.204,68.973,36.5,30.7994432286543,61.3073630246359,7.89319374670983,63.1125476534823,50.2377584645589,12.8747891889234
"Argentina","AR","ARG",1983,29391332,1.6019042448548,23.268,8.769,46438,3.148,69.29,34.1,30.9025991064304,61.1512945381312,7.9461063554384,63.5288357430349,50.5346577511603,12.9941779918746
"Argentina","AR","ARG",1984,29863093,1.59235691940308,22.98,8.806,47659,3.116,69.353,32.1,30.9571516922242,61.0466722251443,7.99617608263149,63.8090883783565,50.7106279749375,13.098460403419
"Argentina","AR","ARG",1985,30336441,1.57262930146869,22.546,8.409,46889,3.066,69.879,30.6,30.9657357460906,60.9721961282834,8.06206812562601,64.0091845105698,50.7866498378043,13.2225346727655
"Argentina","AR","ARG",1986,30811980,1.55539122422629,22.398,8.223,38586,3.054,70.281,29.6,30.928471652909,60.9198159287394,8.15171241835156,64.1501961418179,50.7691442181769,13.381051923641
"Argentina","AR","ARG",1987,31291762,1.54512926233209,22.208,8.038,40859,3.037,70.699,29.1,30.8538287306069,60.8922143932357,8.25395687615732,64.2246109226988,50.6695803827881,13.5550305399106
"Argentina","AR","ARG",1988,31780532,1.54990330404865,22.22,7.881,37594,3.046,71.097,29,30.7474273873074,60.8858467189914,8.36672589370121,64.2417825960992,50.5001228433549,13.7416597527443
"Argentina","AR","ARG",1989,32270948,1.53134817062707,22.012,7.727,26555,3.022,71.502,29,30.6055294687965,60.9049492441313,8.4895212870722,64.1902648259784,50.2512973422768,13.9389674837017
"Argentina","AR","ARG",1990,32755901,1.49157462934909,22.078,7.832,15719,3.034,71.615,28.8,30.4383155267199,60.9510832872526,8.61060118602752,64.0659888263892,49.9389208466363,14.1270679797528
"Argentina","AR","ARG",1991,33230294,1.43788006980649,21.914,7.621,-8537,3.012,72.02,28.3,30.2532517467345,61.0094466813926,8.73730157187294,63.909043570366,49.5878165610195,14.3212270093465
"Argentina","AR","ARG",1992,33693527,1.38438120034139,21.726,7.681,-13201,2.987,72.096,27.6,30.0386164672132,61.087234039238,8.87414949354887,63.7003214972916,49.1733100306261,14.5270114666655
"Argentina","AR","ARG",1993,34152717,1.35364018555542,21.596,7.694,-16455,2.966,72.303,26.6,29.8069042326399,61.190239435273,9.00285633208708,63.4247592212681,48.7118631529167,14.7128960683514
"Argentina","AR","ARG",1994,34613491,1.3401375748685,21.414,7.49,-18723,2.935,72.732,25.4,29.5720196270867,61.3017860391229,9.12619433379034,63.1273809200644,48.2400608369377,14.8873200831267
"Argentina","AR","ARG",1995,35070020,1.3103115077878,20.954,7.562,-19815,2.864,72.864,24.2,29.334445774482,61.425355617134,9.24019860838403,62.7992211452248,47.7562478863851,15.0429732588397
"Argentina","AR","ARG",1996,35513793,1.25745217924583,20.422,7.52,-20486,2.781,73.056,23,29.0914748122156,61.5662900547724,9.34223513301205,62.4265471122743,47.2522773762522,15.1742697360222
"Argentina","AR","ARG",1997,35947791,1.21464795933597,19.957,7.413,-20651,2.706,73.407,21.9,28.8427997030082,61.7160403303218,9.44115996667,62.0324271385077,46.7346881098704,15.2977390286372
"Argentina","AR","ARG",1998,36372860,1.17552563201514,19.707,7.605,-20326,2.662,73.412,20.9,28.6028236437828,61.871352706386,9.52582364983122,61.6256924207643,46.229511766154,15.3961806546103
"Argentina","AR","ARG",1999,36794682,1.15304317167294,19.644,7.576,-20220,2.643,73.683,20,28.3795522407287,62.0256237029036,9.59482405636771,61.2236911618814,45.7545616577172,15.4691295041642
"Argentina","AR","ARG",2000,37213984,1.13312807570195,19.328,7.57,-22775,2.591,73.91,19.4,28.1666120456224,62.1736105975646,9.65977735681297,60.8399424011737,45.3031616468956,15.536780754278
"Argentina","AR","ARG",2001,37624825,1.09794672757946,18.94,7.496,-23687,2.531,74.154,18.8,27.9469003783154,62.3277840850053,9.72531553667937,60.442088771688,44.8385891776457,15.6034995940423
"Argentina","AR","ARG",2002,38029349,1.06941318335345,18.702,7.531,-22674,2.493,74.312,18.3,27.7131775250741,62.4960869038279,9.790735571098,60.0100181534326,44.3438603887641,15.6661577646685
"Argentina","AR","ARG",2003,38424282,1.0331399769648,18.41,7.736,-22450,2.451,74.307,17.8,27.4656400866515,62.6897257312446,9.84463418210391,59.5157720560259,43.8120278343514,15.7037442216745
"Argentina","AR","ARG",2004,38815916,1.01407652046238,18.295,7.527,-22381,2.43,74.871,17.3,27.2062216334946,62.89668860187,9.89708976463533,58.9908808603745,43.2554108667324,15.7354699936422
"Argentina","AR","ARG",2005,39216789,1.02745772191722,18.306,7.386,-22068,2.426,75.231,16.7,26.9387273529874,63.0960471662271,9.96522548078547,58.4885317167095,42.6947939892607,15.7937377274489
"Argentina","AR","ARG",2006,39622115,1.02824760534561,18.161,7.445,-20109,2.4,75.279,16.2,26.6642896271438,63.2909967072682,10.044713665588,58.0003526705021,42.1296696541309,15.8706830163712
"Argentina","AR","ARG",2007,40016763,0.991101935066697,17.967,7.899,-18099,2.37,74.783,15.8,26.3935191359681,63.4900304155036,10.1164504485283,57.5050434620378,41.5711237862678,15.93391967577
"Argentina","AR","ARG",2008,40424148,1.01288878477428,18.462,7.517,-12517,2.432,75.428,15.4,26.1420104636466,63.6641840911527,10.1938054452007,57.0741876732807,41.062350577237,16.0118370960437
"Argentina","AR","ARG",2009,40854831,1.05977470732485,18.231,7.479,-7882,2.4,75.577,15,25.902064066793,63.8016799041465,10.2962560290606,56.735685768345,40.5977786677385,16.1379071006065
"Argentina","AR","ARG",2010,41288694,1.05636332156278,18.314,7.625,-5003,2.411,75.68,14.4,25.680586139157,63.9173106797385,10.4021031811045,56.452142111234,40.1778275564014,16.2743145548326
"Argentina","AR","ARG",2011,41730660,1.06474009749784,18.172,7.419,-1117,2.393,76.1,13.9,25.4937170237217,63.9901889403356,10.5160940359427,56.2739537637124,39.8400391139328,16.4339146497796
"Argentina","AR","ARG",2012,42161721,1.0276613644946,17.48,7.719,2978,2.304,75.802,13.3,25.3153574386188,64.0423079024418,10.6423346589394,56.1467747951315,39.5291137228417,16.6176610722898
"Argentina","AR","ARG",2013,42582455,0.992958989681133,17.683,7.78,5275,2.335,75.829,12.7,25.1502863661773,64.0825562537135,10.7671573801093,56.0487044709811,39.246694673681,16.8020097973001
"Argentina","AR","ARG",2014,43024071,1.0317435786984,18.019,7.549,5794,2.386,76.268,12.2,25.0138297580693,64.0920281103568,10.894142131574,56.0256427923844,39.0279891205802,16.9976536718042
"Argentina","AR","ARG",2015,43477012,1.04725888735726,17.665,7.449,5464,2.35,76.6,11.7,24.887393365487,64.0810849650845,11.0315216694284,56.0522891497333,38.8373470565414,17.2149420931919
"Argentina","AR","ARG",2016,43900313,0.968911125580978,16.789,7.865,5215,2.241,76.105,11.4,24.7475897865741,64.0835958950498,11.1688143183761,56.0461721346243,38.6176660997503,17.428506034874
"Argentina","AR","ARG",2017,44288894,0.881249595012674,16.155,7.682,4931,2.168,76.543,11,24.5791315086803,64.1137437299744,11.3071247613454,55.9728015245357,38.3367608997386,17.6360406247971
"Argentina","AR","ARG",2018,44654882,0.822969480473088,15.332,7.583,5742,2.067,76.77,10.7,24.3732916411389,64.1630568429568,11.4636515159043,55.8529254060554,37.9864893602132,17.8664360458422
"Argentina","AR","ARG",2019,44973465,0.710900853077743,13.902,7.676,5397,1.882,76.847,10.5,24.0972913239252,64.2701694847154,11.6325391913594,55.5931801951266,37.4937423286225,18.0994378665041
"Argentina","AR","ARG",2020,45191965,0.484665636741261,11.799,8.45,292,1.601,75.878,10.3,23.6990914612707,64.5074745533578,11.7934339853714,55.0207968902513,36.7385200325396,18.2822768577117
"Argentina","AR","ARG",2021,45312281,0.265879395046274,11.682,9.725,314,1.585,73.948,10.1,23.2387470933239,64.8426321239199,11.9186207827562,54.2195244410156,35.8386839470968,18.3808404939187
"Argentina","AR","ARG",2022,45407904,0.210808731072658,10.926,8.797,5589,1.482,75.806,9.9,22.7507462136988,65.2151737723899,12.0340800139112,53.3385463867822,34.8856643045046,18.4528820822776
"Argentina","AR","ARG",2023,45538401,0.286976121920089,11.064,7.668,4133,1.5,77.395,9.7,22.190657287242,65.6063209158354,12.2030217969226,52.4243366823125,33.8239612447006,18.600375437612
"Argentina","AR","ARG",2024,45696159,0.345829819817895,11.086,7.732,3454,1.504,77.543,9.5,21.6039426858612,65.9800531593914,12.4160041547474,51.5609570038159,32.7431422852471,18.8178147185688
"Argentina","AR","ARG",2025,45851378,0.339100654860035,NA,NA,2859,NA,NA,NA,21.0157121233708,66.3498539384122,12.634433938217,50.7162339547915,31.6740911492555,19.042142805536
"Brazil","BR","BRA",1960,72388126,NA,43.85,13.591,4066,6.051,53.162,169.8,44.185988844455,53.2860047151517,2.52800644039323,87.6665360044425,82.9223150857315,4.74422091871099
"Brazil","BR","BRA",1961,74605447,3.01712402135294,43.292,13.265,75,6.022,53.594,165,44.3360700972942,53.1063150582938,2.557614844412,88.301521617607,83.4854939161848,4.81602770142223
"Brazil","BR","BRA",1962,76865323,2.98413178984127,42.698,12.949,-7171,5.984,54.017,160.4,44.4364512431929,52.9700866997587,2.59346205704839,88.7857974338502,83.8897093764586,4.89608805739162
"Brazil","BR","BRA",1963,79164235,2.94697800169989,42.014,12.627,-8136,5.93,54.452,156.1,44.4641948757807,52.9035785724676,2.63222655175173,89.0231310054344,84.0476139935822,4.97551701185221
"Brazil","BR","BRA",1964,81488595,2.89384532588109,41.001,12.304,-8146,5.818,54.848,152.2,44.3917412270499,52.936378108718,2.6718806642321,88.9060094914562,83.8586663812512,5.04734311020504
"Brazil","BR","BRA",1965,83817583,2.81797346768923,39.844,11.969,-8824,5.677,55.243,148.5,44.2366665729115,53.0494040435967,2.71392938349182,88.5035325078341,83.3876797807017,5.11585272713239
"Brazil","BR","BRA",1966,86139359,2.73236317426946,38.638,11.643,-9317,5.516,55.625,145,44.0273095370219,53.2133200179335,2.75937044504458,87.9228724235706,82.7373842525351,5.18548817103543
"Brazil","BR","BRA",1967,88446124,2.64271600538347,37.409,11.319,-10033,5.336,56.016,141.6,43.7544761359722,53.4391425306503,2.80638133337749,87.1287521276382,81.8772047303652,5.25154739727303
"Brazil","BR","BRA",1968,90741240,2.56183412825181,36.345,10.981,-8856,5.165,56.47,138.4,43.4237211217303,53.7213493004945,2.85492957777522,86.1457321463522,80.8314036072351,5.31432853911712
"Brazil","BR","BRA",1969,93045777,2.50796582962001,35.685,10.706,-7763,5.041,56.898,135.3,43.049825587731,54.0447238892138,2.90545052305518,85.0319389962279,79.6559275857319,5.37601141049597
"Brazil","BR","BRA",1970,95375651,2.47317174130758,35.231,10.465,-18779,4.934,57.338,132.1,42.6507175295716,54.3918305731932,2.95745189723528,83.8511390972451,78.4138301529344,5.43730894431075
"Brazil","BR","BRA",1971,97739273,2.44801384438618,34.875,10.245,-23421,4.838,57.786,128.9,42.235478146868,54.7534287739513,3.0110930791807,82.6369629059398,77.1375948057616,5.49936810017819
"Brazil","BR","BRA",1972,100146797,2.43336258601704,34.541,10.03,-23584,4.735,58.255,125.6,41.8064219268041,55.1268010099215,3.06677706327442,81.399967461076,75.8368348661925,5.56313259488355
"Brazil","BR","BRA",1973,102600976,2.42103657885576,34.223,9.844,-24071,4.638,58.681,122.3,41.3658567018205,55.5097738812435,3.124369416936,80.1484560142586,74.5199519538459,5.62850406041272
"Brazil","BR","BRA",1974,105089675,2.39665879234277,33.682,9.662,-24093,4.502,59.081,118.9,40.9108209683262,55.9054033809439,3.18377565072984,78.8735855151743,73.1786526779113,5.69493283726298
"Brazil","BR","BRA",1975,107619565,2.37884287680594,33.484,9.463,-25499,4.415,59.556,115.4,40.4508469254638,56.3045548455803,3.24459822895586,77.6055262375431,71.8429397071035,5.76258653043961
"Brazil","BR","BRA",1976,110213349,2.38155616304412,33.32,9.288,-20612,4.339,60.007,111.8,40.0010669306492,56.6942285729835,3.30470449636731,76.3847954363417,70.5557999179574,5.8289955183843
"Brazil","BR","BRA",1977,112875292,2.38655749823333,33.173,9.117,-19478,4.267,60.461,108,39.565356608046,57.07247846113,3.36216493082399,75.2157997223471,69.3247563008719,5.8910434214752
"Brazil","BR","BRA",1978,115600942,2.38605063277526,32.979,8.941,-23416,4.195,60.922,104.1,39.1489686130758,57.434198935853,3.4168324510712,74.1122902169194,68.1631656850965,5.94912453182287
"Brazil","BR","BRA",1979,118380821,2.37626195376506,32.734,8.771,-32503,4.12,61.365,100,38.7639030597866,57.7670996122214,3.46899732799199,73.1089170258223,67.1037726646189,6.00514436120336
"Brazil","BR","BRA",1980,121207461,2.35969066147983,32.417,8.592,-38918,4.037,61.819,95.8,38.422134502191,58.0601703143512,3.51769518345779,72.2351137984829,66.1764075211638,6.05870627731915
"Brazil","BR","BRA",1981,124063109,2.328674853913,32.017,8.414,-65971,3.943,62.267,91.5,38.1278954568195,58.3095539706328,3.56255057254772,71.4984823331547,65.3887622181311,6.10972011502358
"Brazil","BR","BRA",1982,126923155,2.27914448988333,31.463,8.232,-90766,3.838,62.708,87.3,37.8788329131953,58.5157658643304,3.60540122247433,70.8941151195577,64.7326965796283,6.16141853992947
"Brazil","BR","BRA",1983,129790077,2.23365283811212,30.8,8.053,-76322,3.723,63.133,83.3,37.6593516467364,58.6920547092364,3.64859364402719,70.3808117213318,64.1643088626995,6.21650285863233
"Brazil","BR","BRA",1984,132658864,2.18625478508242,29.967,7.869,-70035,3.6,63.553,79.8,37.4414608941678,58.8641617602883,3.6943773455439,69.8826542101037,63.606547942612,6.27610626749169
"Brazil","BR","BRA",1985,135515595,2.13058251317121,29.184,7.689,-60879,3.48,63.98,76.5,37.2038537807997,59.0514521260396,3.74469409316067,69.3438451227219,63.0024367586959,6.34140836402592
"Brazil","BR","BRA",1986,138336370,2.0601457180807,28.343,7.521,-90973,3.361,64.389,73.6,36.9396923600063,59.2582326686756,3.8020749713181,68.7529246476102,62.3368113726597,6.4161132749505
"Brazil","BR","BRA",1987,141104944,1.98157140954846,27.383,7.359,-77800,3.232,64.785,70.9,36.6383285620382,59.4925887217673,3.86908271619455,68.0881638344506,61.5846937395631,6.50347009488751
"Brazil","BR","BRA",1988,143826357,1.91028205578332,26.459,7.213,-72825,3.112,65.161,68.1,36.291964900425,59.7617222551218,3.94631284445312,67.3311883032781,60.7277761264898,6.6034121767883
"Brazil","BR","BRA",1989,146502972,1.84389971585717,25.644,7.092,-60023,3.007,65.514,65.5,35.9110576129167,60.0575487303341,4.03139365674914,66.5069630207701,59.7944113759613,6.71255164480878
"Brazil","BR","BRA",1990,149143223,1.78613575086263,24.765,6.977,-30555,2.896,65.862,62.8,35.4905274509188,60.3887767666118,4.12069578246945,65.5936848281802,58.7700723320319,6.82361249614837
"Brazil","BR","BRA",1991,151724256,1.71576956519978,24.056,6.879,-66600,2.805,66.203,60.1,35.0245596195245,60.7612473644293,4.21419301604616,64.5785829304948,57.6429237370179,6.93565919347692
"Brazil","BR","BRA",1992,154275079,1.66724681782032,23.302,6.788,14394,2.71,66.539,57.1,34.5101736571147,61.1772548863101,4.31257145657521,63.4594433992393,56.4101381229735,7.04930527626576
"Brazil","BR","BRA",1993,156794577,1.61992855794359,22.95,6.713,-69070,2.66,66.892,53.9,33.9621615229716,61.6221851218745,4.41565335515399,62.2792179837673,55.1135302958505,7.16568768791675
"Brazil","BR","BRA",1994,159265006,1.56329973533197,22.525,6.621,-68961,2.603,67.293,50.8,33.3980092902517,62.0795725835718,4.52241812617644,61.0835822645126,53.7987096018566,7.28487266265595
"Brazil","BR","BRA",1995,161735073,1.53901255207011,22.283,6.54,-69963,2.567,67.701,47.7,32.8186140157163,62.5514625929298,4.62992339135395,59.8683636570242,52.4665808698104,7.40178278721379
"Brazil","BR","BRA",1996,164202549,1.51410759163045,21.872,6.46,-71943,2.511,68.108,44.7,32.2294527839516,63.0325495129799,4.73799770306854,58.6481917241943,51.1314440443422,7.51674767985211
"Brazil","BR","BRA",1997,166661659,1.48650426533337,21.584,6.393,-72392,2.468,68.505,41.9,31.6368820617584,63.5161924075171,4.8469255307245,57.440167947103,49.8091597789247,7.63100816817836
"Brazil","BR","BRA",1998,169159655,1.48772098102752,21.221,6.355,21666,2.418,68.848,39.3,31.0471246823009,64.0007060194111,4.95216929828806,56.2482765408734,48.5105969448172,7.73767959605619
"Brazil","BR","BRA",1999,171641543,1.45652767159292,20.581,6.302,-23497,2.335,69.211,36.8,30.4627391400228,64.4843451448115,5.05291571516576,55.0763984272951,47.2405191723942,7.83587925490092
"Brazil","BR","BRA",2000,174018282,1.37521128317928,19.879,6.248,-45800,2.247,69.584,34.4,29.8832079892709,64.9637360083917,5.15305600233732,53.9320341342569,45.999829790286,7.93220434397092
"Brazil","BR","BRA",2001,176301203,1.30335503159977,19.185,6.189,-51600,2.162,69.98,32.2,29.3049219862669,65.437188480217,5.25788953351612,52.8183017276819,44.7832838480193,8.03501787966254
"Brazil","BR","BRA",2002,178503484,1.24142062598122,18.49,6.126,-42008,2.081,70.396,30.1,28.732973157916,65.8964473373989,5.37057950468513,51.7532497132855,43.6032203842481,8.15002932903742
"Brazil","BR","BRA",2003,180622688,1.18021395482771,17.819,6.033,-55350,2.006,70.884,28.2,28.1712316556511,66.334991187998,5.49377715635099,50.7500013938033,42.4681322311059,8.28186916269744
"Brazil","BR","BRA",2004,182675143,1.12991417032023,17.5,5.96,-76661,1.973,71.361,26.3,27.6287989548748,66.7413902065482,5.62981083857698,49.832060271032,41.3967987022302,8.43526156880175
"Brazil","BR","BRA",2005,184688101,1.09590612526605,17.176,5.896,-88868,1.942,71.832,24.6,27.1166426495537,67.1082522335636,5.77510511688269,49.0129699418087,40.4073142665826,8.60565567522607
"Brazil","BR","BRA",2006,186653106,1.05833842529955,16.691,5.836,-90634,1.896,72.296,23.1,26.6247472105413,67.4452226030603,5.93003018639837,48.2684711339596,39.476105712286,8.79236542167364
"Brazil","BR","BRA",2007,188552320,1.01236820635667,16.243,5.793,-107481,1.854,72.73,21.7,26.1447366439193,67.7586595062845,6.09660384979617,47.5826124507755,38.5850851707527,8.99752728002274
"Brazil","BR","BRA",2008,190367302,0.957984635895359,15.801,5.778,-141056,1.815,73.111,20.5,25.6659605483771,68.0598093680495,6.27423008357346,46.9295922668047,37.710891273857,9.21870099294769
"Brazil","BR","BRA",2009,192079951,0.895632239477021,15.564,5.784,-220207,1.799,73.457,19.5,25.1859258991219,68.3498187386299,6.46425536224823,46.3061674570182,36.8485628256499,9.45760463136831
"Brazil","BR","BRA",2010,193701929,0.84088322514573,15.338,5.801,-261539,1.786,73.779,18.6,24.7077541372658,68.6253597695835,6.66688609315066,45.7187256688073,36.0038241870003,9.71490148180701
"Brazil","BR","BRA",2011,195284734,0.81381388423754,15.141,5.843,-235860,1.777,74.047,17.9,24.2289729512882,68.8890267559546,6.88200029275714,45.1609994407706,35.1710190087095,9.989980432061
"Brazil","BR","BRA",2012,196876111,0.811598483382088,14.935,5.881,-179707,1.766,74.335,17.2,23.7494519491259,69.1357813616712,7.11476668920292,44.6429009356262,34.3518959754257,10.2910049602004
"Brazil","BR","BRA",2013,198478299,0.810511647523289,14.785,5.924,-157228,1.761,74.609,16.7,23.2696192059022,69.3600959635388,7.37028483055902,44.1751173479507,33.549000517845,10.6261168301056
"Brazil","BR","BRA",2014,200085127,0.806314177734439,14.784,5.998,-145732,1.775,74.823,16.3,22.8142776949133,69.5321464348522,7.65357587023447,43.8183703322034,32.8111221884806,11.0072481437228
"Brazil","BR","BRA",2015,201675532,0.791721773592796,14.684,6.045,-173611,1.777,75.106,16,22.4022029603472,69.6409897160951,7.95680732355772,43.5935934449924,32.168128241603,11.4254652033893
"Brazil","BR","BRA",2016,203218114,0.761972670496742,14.146,6.226,-92989,1.727,75.081,16.8,22.0157734610601,69.7156525862543,8.26857395268557,43.4398109123601,31.5793840986607,11.8604268136993
"Brazil","BR","BRA",2017,204703445,0.72824666001736,14.123,6.256,-156296,1.74,75.383,15.4,21.6593948870768,69.7489521976535,8.5916529152697,43.3713300884192,31.0533627371985,12.3179673512207
"Brazil","BR","BRA",2018,206107261,0.683439571425594,14.022,6.337,-230334,1.744,75.633,15.2,21.3525316348572,69.7196181499875,8.92785021515533,43.4316522323209,30.6262888430077,12.8053633893132
"Brazil","BR","BRA",2019,207455459,0.651994346081362,13.548,6.452,-129216,1.705,75.809,15,21.0598118773538,69.6671137738846,9.27307434876159,43.5397483001089,30.2292006881341,13.3105476119749
"Brazil","BR","BRA",2020,208660842,0.579350709708032,12.995,7.502,-78437,1.653,74.506,14.9,20.7566949222876,69.6446402012395,9.59866487647293,43.586067027448,29.8037216111497,13.7823454162982
"Brazil","BR","BRA",2021,209550294,0.425360907216456,12.754,8.366,-208581,1.638,73.038,14.7,20.4706372304111,69.6182628596073,9.91109990998152,43.6404698393342,29.4041192944533,14.2363505448809
"Brazil","BR","BRA",2022,210306415,0.360180890872169,12.555,7.539,-253639,1.629,74.872,14.6,20.2024769910192,69.5457382256878,10.251784783293,43.7902629940777,29.0491947276406,14.7410682664371
"Brazil","BR","BRA",2023,211140729,0.395928695574996,12.322,7.077,-240059,1.619,75.848,14.4,19.9359520540445,69.4304164782911,10.6336314676644,44.0290947589819,28.7135716160986,15.3155231428833
"Brazil","BR","BRA",2024,211998573,0.405467027627251,12.133,7.068,-225510,1.614,76.023,14.2,19.6651396335929,69.285675877437,11.0491844889702,44.3299763860952,28.3826912498763,15.9472851362189
"Brazil","BR","BRA",2025,212812405,0.383150642409967,NA,NA,-217283,NA,NA,NA,19.3866212827208,69.1330392605638,11.4803394567154,44.6486379446561,28.0424836289445,16.6061543157117
"Chad","TD","TCD",1960,3049838,NA,45.902,25.572,-672,6.25,39.216,267.6,40.9949218605909,55.02478410735,3.98029403205908,81.7363230238707,74.502656767771,7.23366625609966
"Chad","TD","TCD",1961,3111947,2.01601008682063,45.798,25.348,-760,6.268,39.421,266.6,41.2336137526786,54.790851963554,3.97553428376741,82.5122488214505,75.2563836388354,7.25586518261506
"Chad","TD","TCD",1962,3175598,2.02473857435913,45.71,25.143,-890,6.285,39.608,265.3,41.4837299935319,54.5359330746524,3.98033693181568,83.3653416420205,76.0667543574991,7.29858728452134
"Chad","TD","TCD",1963,3240905,2.03566507226671,45.655,24.854,-1228,6.301,39.893,264.1,41.741464458456,54.268492021286,3.990043520258,84.2690144929184,76.9165733259798,7.35244116693863
"Chad","TD","TCD",1964,3307479,2.03336559914203,45.635,24.627,-2518,6.318,40.12,263.1,41.9185579107229,54.0842889705422,3.99715311873484,84.8965746249216,77.5059731913557,7.39060143356593
"Chad","TD","TCD",1965,3374220,1.99779187226255,45.672,24.656,-4384,6.337,40.05,261.7,42.0043384835105,53.9985161017189,3.99714541477061,85.1902466975004,77.7879495880691,7.4022971094313
"Chad","TD","TCD",1966,3440903,1.95697504351163,45.791,24.54,-6283,6.362,40.089,260.5,42.0983907279004,53.9090387161395,3.99257055596008,85.497623126777,78.0915255224107,7.40609760436624
"Chad","TD","TCD",1967,3508512,1.94580790312177,45.99,24.288,-7771,6.393,40.393,259.1,42.2256155564502,53.7896045688878,3.98477987466198,85.9095015671241,78.5014426019293,7.40805896519474
"Chad","TD","TCD",1968,3578231,1.9676528240493,46.253,24.045,-8396,6.432,40.702,257.7,42.3740809355237,53.6522656027517,3.97365346172452,86.3853668242871,78.9790822178537,7.40628460643337
"Chad","TD","TCD",1969,3651113,2.01635084091658,46.661,23.815,-8714,6.477,41.019,256.4,42.5441717985486,53.4949132641316,3.96091493731981,86.9336357492474,79.5293780335456,7.40425771570173
"Chad","TD","TCD",1970,3727828,2.07937058008427,47.071,23.556,-8931,6.528,41.386,254.9,42.7374465774708,53.3151073493734,3.94744607315574,87.5640945008667,80.1601010317007,7.40399346916596
"Chad","TD","TCD",1971,3807316,2.10987205265138,47.501,24.019,-9153,6.582,40.869,253.5,42.9521028787599,53.1169525832696,3.93094453797051,88.2637848422364,80.8632616833059,7.40052315893054
"Chad","TD","TCD",1972,3893252,2.23203191563616,49.322,23.343,-9526,6.85,41.922,252,43.2252266228849,52.8649827958735,3.90979058124159,89.1611322113317,81.7653280807631,7.39580413056861
"Chad","TD","TCD",1973,3985909,2.35205935225256,49.324,23.127,-10737,6.869,42.399,250.7,43.5377279734344,52.5765957748403,3.8856762517253,90.1987206863725,82.808191233767,7.39052945260551
"Chad","TD","TCD",1974,4078356,2.29285744116595,49.189,22.978,-15686,6.864,42.601,249.2,43.8547488430695,52.2839653669315,3.86128578999899,91.2632496156779,83.8780280313611,7.38522158431685
"Chad","TD","TCD",1975,4167234,2.15585403342245,49.1,22.868,-22768,6.876,42.736,247.7,44.203661229487,51.9579894001633,3.83834937034973,92.4631825720449,85.0757732156358,7.38740935640914
"Chad","TD","TCD",1976,4251297,1.99716064788319,49.001,22.815,-29755,6.893,42.687,246,44.5962072981736,51.5857691882935,3.81802351353287,93.8519350096486,86.4506006208665,7.40133438878209
"Chad","TD","TCD",1977,4331667,1.87283435279686,48.826,22.624,-34318,6.896,42.884,244.3,45.0147021920198,51.1848325367578,3.80046527122237,95.3703323670809,87.9453732866008,7.42495908048009
"Chad","TD","TCD",1978,4411366,1.82319356848302,48.54,22.452,-34856,6.891,43.017,242.7,45.4191740154864,50.796714668427,3.78411131608667,96.8631252094649,89.4136054112116,7.44951979825324
"Chad","TD","TCD",1979,4505384,2.10887339886022,48.287,22.145,-9974,6.905,43.239,240.9,45.6967264055628,50.5388219960829,3.76445159835432,97.8676907185345,90.4190572726538,7.44863344588066
"Chad","TD","TCD",1980,4515453,0.223238801047376,49.518,22.396,-210126,6.908,43.452,238.9,46.6343959990721,49.5909103240484,3.77469367687956,101.649879826049,94.0381930768015,7.61168674924774
"Chad","TD","TCD",1981,4520959,0.121862541933437,46.598,21.845,-13232,6.942,43.497,236.6,47.492064461095,48.7173132163648,3.79062232254016,105.265812784621,97.4849829057113,7.78082987890978
"Chad","TD","TCD",1982,4738483,4.6992902807204,45.968,20.829,217242,6.961,43.91,234.2,46.5840860883114,49.6723318412243,3.74358207046432,101.319318609092,93.7827646932615,7.53655391583093
"Chad","TD","TCD",1983,4979130,4.95381346913092,50.009,20.951,247,6.979,44.446,231.6,45.8196512242098,50.4942831378172,3.6860656379729,98.0422213878424,90.7422551165869,7.29996627125547
"Chad","TD","TCD",1984,5045145,1.31712177408269,51.269,21.238,-164489,7.015,44.732,228.9,46.5269726169389,49.803231602187,3.66979578087407,100.790203152455,93.421593579674,7.36860957278087
"Chad","TD","TCD",1985,5096269,1.00823086553233,49.248,20.63,-30686,7.037,45.315,226.1,47.2572137829865,49.080224089449,3.66256212756451,103.74807097223,96.2856720213013,7.46239895092873
"Chad","TD","TCD",1986,5251069,2.99229715476877,49.122,20.107,42093,7.067,45.598,223.3,47.1768034280258,49.1888794453091,3.63431712666507,103.298022177811,95.9095093889061,7.38851278890506
"Chad","TD","TCD",1987,5438309,3.50364920335052,50.443,21.611,23220,7.105,43.071,220.4,46.9539428524565,49.4522837889498,3.59377335859364,102.21513009748,94.9479580332628,7.26717206421732
"Chad","TD","TCD",1988,5625602,3.38597976291247,51.502,19.774,16085,7.154,46.352,217.4,46.8490974966681,49.6022337162997,3.54866878703214,101.603842283467,94.4495890230302,7.15425326043641
"Chad","TD","TCD",1989,5819586,3.39011606063469,52.127,19.739,4924,7.186,46.434,214.3,46.8296885723486,49.6690572147228,3.50125421292855,101.332626197314,94.2834418427328,7.04918435458097
"Chad","TD","TCD",1990,5982833,2.76650764072333,52.689,20.604,-58884,7.219,45.074,211.4,47.1057273368653,49.4387775824597,3.45549508067499,102.270339166419,95.2809144510859,6.98942471533281
"Chad","TD","TCD",1991,6205676,3.65701555224212,51.711,19.466,112492,7.261,46.596,208.4,47.0683977806449,49.5333909203936,3.39821129896152,101.88400205343,95.0235565320985,6.86044552133101
"Chad","TD","TCD",1992,6474656,4.2431121638925,53.335,19.457,6013,7.296,46.777,205.5,46.8989163285277,49.7699877800458,3.33109589142651,100.924269713968,94.2312896206472,6.69298009332071
"Chad","TD","TCD",1993,6629146,2.35805086936322,54.237,19.544,-146386,7.337,47.002,202.8,47.5360551721142,49.1880326666512,3.27591216123464,103.301482758399,96.6415057653967,6.65997699300191
"Chad","TD","TCD",1994,6783450,2.30098346349967,52.201,19.18,986,7.31,47.08,200.2,48.1502554010128,48.6272619389839,3.22248266000339,105.645960748268,99.0190704800755,6.62689026819208
"Chad","TD","TCD",1995,7089064,4.40674928139961,51.582,18.572,152232,7.29,47.453,197.5,47.9137443250618,48.9314738871027,3.15478178783546,104.367439531386,97.9201062735836,6.44733325780252
"Chad","TD","TCD",1996,7410108,4.429169919678,52.971,18.614,1259,7.292,47.551,194.7,47.8242692279249,49.0914100037408,3.08432076833428,103.701625685937,97.4188270364508,6.28279864948597
"Chad","TD","TCD",1997,7670366,3.45193185234224,52.416,18.385,3631,7.274,47.762,191.9,48.2082993171382,48.7727965001931,3.01890418266873,105.03232780512,98.8425982851882,6.18972951993183
"Chad","TD","TCD",1998,7938840,3.44028362441506,52.244,18.227,2232,7.266,47.802,189,48.4715147301117,48.57374629039,2.95473897949826,105.872529168672,99.7895333012464,6.08299586742569
"Chad","TD","TCD",1999,8222705,3.51320614922956,51.83,17.989,17175,7.262,47.934,185.8,48.5935406900771,48.5162182031339,2.89024110678907,106.116641675102,100.159374493965,5.95726718113696
"Chad","TD","TCD",2000,8512093,3.45886279310456,51.589,17.852,-3845,7.249,47.937,182.4,48.7653976524928,48.4080766034864,2.82652574402089,106.577097521903,100.738131230826,5.83896629107683
"Chad","TD","TCD",2001,8804124,3.3732389780589,51.241,17.478,3484,7.231,48.306,179,49.0051480419858,48.2301532781683,2.76469867984594,107.33914662915,101.606855754605,5.73229087454486
"Chad","TD","TCD",2002,9116192,3.48319249588089,50.473,17.236,20400,7.201,48.36,175.6,49.1365666093602,48.1585376789707,2.7048957116691,107.647489593358,102.030852632838,5.61663696052025
"Chad","TD","TCD",2003,9487833,3.9958067889148,50.028,16.855,105140,7.179,48.609,172.3,48.9932263774036,48.3618282488741,2.64494537372232,106.774670267271,101.305593192007,5.46907707526377
"Chad","TD","TCD",2004,9920036,4.4546309402426,50.375,16.692,110387,7.16,48.687,168.8,48.6746015841071,48.7428674654003,2.58253095049252,105.158221499759,99.8599469320478,5.29827456771127
"Chad","TD","TCD",2005,10328092,4.03110110056051,50.672,16.561,19281,7.134,48.86,165.4,48.5555341952577,48.9262996943821,2.51816611036027,104.389061641316,99.2421959121364,5.14686572917939
"Chad","TD","TCD",2006,10706424,3.59763738193098,50.303,16.489,23052,7.118,48.747,161.8,48.6203796898012,48.9254348604165,2.4541854497823,104.392684154219,99.3764990939573,5.01618506026157
"Chad","TD","TCD",2007,11081660,3.44475544445336,50.107,16.111,-11339,7.092,49.21,158.1,48.7039194171307,48.9030096166545,2.39307096621486,104.486401753743,99.5928968227241,4.89350493101924
"Chad","TD","TCD",2008,11476296,3.49922011538019,49.53,15.77,36446,7.063,49.503,154.3,48.7011292102055,48.9628295123631,2.33604127743138,104.236571604908,99.4655211964723,4.77105040843591
"Chad","TD","TCD",2009,11893754,3.57296976276489,49.257,15.463,9108,7.021,49.828,150.5,48.6906004904171,49.0263565660748,2.28304294350812,103.97192695548,99.3151518914011,4.6567750640791
"Chad","TD","TCD",2010,12312575,3.46077094768596,48.979,15.178,10427,6.99,50.107,146.7,48.7588461390083,49.0077908154874,2.23336304550429,104.049189600275,99.4920386913023,4.55715090897249
"Chad","TD","TCD",2011,12754997,3.53020185416521,48.49,14.857,29256,6.948,50.426,142.9,48.7462482351035,49.0667735946939,2.18697817020263,103.803919970792,99.3467727310131,4.45714723977844
"Chad","TD","TCD",2012,13210998,3.51265481153462,48.177,14.55,9514,6.905,50.765,139.3,48.6981869197164,49.159389775095,2.1424233051886,103.419922191978,99.0618137405408,4.35810845143681
"Chad","TD","TCD",2013,13691079,3.5694788341769,47.429,14.231,51887,6.839,51.051,135.8,48.6137670882709,49.2853284505433,2.10090446118584,102.900131941391,98.637400960595,4.26273098079596
"Chad","TD","TCD",2014,14188678,3.56998697827762,47.052,14.071,20842,6.781,51.141,132.3,48.507822627738,49.4190350426222,2.07314232963979,102.351171749544,98.1561509363785,4.19502081316526
"Chad","TD","TCD",2015,14647621,3.18336105662872,46.51,13.876,-48918,6.706,51.32,128.7,48.5266754239477,49.4139321327334,2.05939244331895,102.372075248765,98.2044403082302,4.1676349405344
"Chad","TD","TCD",2016,15114655,3.13868697646131,45.533,13.548,21540,6.623,51.603,125,48.5126785890912,49.4357231441935,2.05159826671532,102.2828708469,98.132838974743,4.15003187215698
"Chad","TD","TCD",2017,15622759,3.30639583736028,44.917,13.277,16916,6.537,51.875,121.4,48.3988071505168,49.5536991897526,2.04749365973065,101.801281508928,97.6694130647775,4.13186844415051
"Chad","TD","TCD",2018,16156531,3.35956028710956,44.401,12.857,46661,6.464,52.447,117.6,48.2481371851463,49.7052074391838,2.04665537566992,101.186169914043,97.0685762536646,4.11759366037837
"Chad","TD","TCD",2019,16685223,3.21991132048391,44.316,12.519,-29451,6.412,52.993,114,48.1220928242913,49.8294508859726,2.04845628973613,100.684531380519,96.5736024887676,4.11092889175148
"Chad","TD","TCD",2020,17224679,3.18197036099619,43.75,12.328,36605,6.346,53.082,110.6,47.9659011352258,49.9863654933715,2.04773337140274,100.054552902552,95.9579748689633,4.09657803358912
"Chad","TD","TCD",2021,17828273,3.44423869357111,43.284,12.162,74509,6.255,53.136,107.3,47.6821746087752,50.2705463880168,2.04727900320802,98.923632922988,94.8511163899727,4.07251653301526
"Chad","TD","TCD",2022,18455316,3.45668911084691,43.35,11.486,36670,6.215,54.528,103.9,47.403703285376,50.5407859323781,2.05551078224591,97.8599966421734,93.7929631876281,4.0670334545453
"Chad","TD","TCD",2023,19319064,4.57399213394625,42.396,11.032,496830,6.12,55.069,100.6,46.737173705724,51.1880518642104,2.07477443006556,95.3580792822124,91.3048398061978,4.05323947601454
"Chad","TD","TCD",2024,20299123,4.94853027382671,43.264,11.08,204040,6.028,55.238,97.3,46.0646280137324,51.8348354261413,2.10053656012627,92.9204543197374,88.868084892849,4.0523694268884
"Chad","TD","TCD",2025,21003705,3.41211675890953,NA,NA,-123104,NA,NA,NA,45.961619628537,51.9194327857871,2.11894758567596,92.6061106803711,88.524883757504,4.08122692286707
"China","CN","CHN",1960,667070000,NA,20.86,25.43,-16927,4.451,33.419,NA,40.3338468531426,55.7001867504027,3.96596639645466,79.5326115914395,72.4124085560344,7.1202030354051
"China","CN","CHN",1961,660330000,-1.01552778731319,18.02,14.24,-25578,3.863,40.158,NA,39.9539294578921,56.1639992867903,3.88207125531757,78.0499986658316,71.1379708694854,6.91202779634624
"China","CN","CHN",1962,665770000,0.820455548748518,37.01,10.02,-31305,6.085,50.959,NA,39.96053727523,56.2156469787463,3.82381574602371,77.8864165852673,71.0843678025046,6.80204878276269
"China","CN","CHN",1963,682335000,2.45764740395145,43.37,10.04,-31383,7.513,51.67,NA,40.5946524824291,55.6499849944704,3.7553625231005,79.6945678232205,72.9463853334302,6.74818248979032
"China","CN","CHN",1964,698355000,2.32068298706855,39.14,11.5,-1250441,6.672,52.343,NA,41.2024769953144,55.1107011451,3.68682185958559,81.4529627050094,74.7631151585224,6.68984754648705
"China","CN","CHN",1965,715185000,2.38136810251949,37.88,9.5,-130900,6.605,53.001,NA,41.4581942054611,54.8966382515764,3.64516754296246,82.1605167753666,75.5204608578429,6.64005591752369
"China","CN","CHN",1966,735400000,2.78733183821693,35.05,8.83,4165,6.307,53.662,NA,41.5128067512913,54.8549915893098,3.63220165939888,82.2988157309689,75.6773551217222,6.62146060924671
"China","CN","CHN",1967,754550000,2.5706976197388,33.96,8.43,1246654,5.806,54.401,NA,41.2763374402652,55.0821243529982,3.6415382067367,81.5471012567667,74.9359940903441,6.61110716642259
"China","CN","CHN",1968,774510000,2.61090262648529,35.59,8.21,-37290,6.508,55.191,NA,41.0390674325238,55.2999523632204,3.66098020425575,80.8319821949876,74.211759072496,6.62022312249159
"China","CN","CHN",1969,796025000,2.74000210569558,34.11,8.03,-72836,6.175,55.988,118,40.9550056759894,55.3622561768905,3.68273814712012,80.6284765918746,73.9764028560187,6.65207373585594
"China","CN","CHN",1970,818315000,2.76167556645304,33.43,7.6,-126510,6.085,56.824,112.1,40.7931079900409,55.4990792417788,3.70781276818038,80.1831695798608,73.5023150239425,6.68085455591828
"China","CN","CHN",1971,841105000,2.74691554961857,30.65,7.32,-180153,5.523,57.731,106.3,40.6544834635117,55.6064932951812,3.73902324130711,79.8351128568737,73.1110362758792,6.72407658099456
"China","CN","CHN",1972,862030000,2.45735692952286,29.77,7.61,-215650,5.112,58.579,100.8,40.397973913916,55.8283546461459,3.77367143993813,79.1204499176226,72.3610326459014,6.75941727172121
"China","CN","CHN",1973,881940000,2.28339536396383,27.93,7.04,-214997,4.726,59.496,95.2,40.149720951356,56.032293132207,3.81798591643702,78.4685123883968,71.6546097183979,6.81390266999895
"China","CN","CHN",1974,900350000,2.06595501335632,24.82,7.34,-175239,4.17,60.241,89.7,40.1628142125321,55.9559697232451,3.88121606422282,78.7119418618483,71.7757452327178,6.93619662913053
"China","CN","CHN",1975,916395000,1.76639178162482,23.01,7.32,-115173,3.571,60.952,84.3,40.2451251649526,55.8032595195534,3.95161531549395,79.2010016538051,72.1196674602605,7.08133419354455
"China","CN","CHN",1976,930685000,1.54733797287665,19.91,7.25,-55109,3.235,61.225,79.1,40.2859353746285,55.6974399578865,4.01662466748493,79.5414656212417,72.3299588800205,7.21150674122128
"China","CN","CHN",1977,943455000,1.36277947570678,18.93,6.87,-15323,2.844,62.458,74.2,39.8224798117753,56.0910950752638,4.08642511296089,78.2814185991869,70.9960819471578,7.28533665202906
"China","CN","CHN",1978,956165000,1.33818233834084,18.25,6.25,-9916,2.716,63.102,69.8,38.5657283291251,57.2553026214266,4.17896904944826,74.6563119459405,67.357478794373,7.29883315156746
"China","CN","CHN",1979,969005000,1.33392795351687,17.82,6.21,-13704,2.745,63.704,65.9,37.2229352504168,58.4878751053275,4.2891896442557,70.9756079339853,63.6421398840958,7.33346804988949
"China","CN","CHN",1980,981235000,1.25422105193987,18.21,6.34,-20129,2.739,64.243,62.6,36.0968962089031,59.5078014703744,4.3953023207225,68.0451933856483,60.6590990616357,7.38609432401262
"China","CN","CHN",1981,993885000,1.28095234429252,20.91,6.36,-28016,2.792,64.778,59.9,35.0710882024305,60.4380661313917,4.49084566617775,65.4586361367242,58.0281442212577,7.43049191546648
"China","CN","CHN",1982,1008630000,1.47267476016581,22.28,6.6,-36181,2.972,65.249,57.7,34.2584219136506,61.1638835217888,4.57769456456058,63.4951777116542,56.0108677974164,7.48430991423781
"China","CN","CHN",1983,1023310000,1.4449496950092,20.19,6.9,-43756,2.559,65.728,56.1,33.3324698795787,62.0070416138046,4.66048850661668,61.2720062469227,53.7559429288202,7.51606331810249
"China","CN","CHN",1984,1036825000,1.31206876113779,19.9,6.82,-51961,2.607,66.148,54.9,32.2360841303467,63.0151365727637,4.7487792968895,58.6920308415301,51.156096526692,7.53593431483804
"China","CN","CHN",1985,1051040000,1.36169911825369,21.04,6.78,-60929,2.633,66.532,54.2,31.2423862227954,63.9107997127674,4.84681406443726,56.4680781561921,48.884361269709,7.58371688648312
"China","CN","CHN",1986,1066790000,1.48739892914903,22.43,6.86,-79190,2.721,66.887,53.9,30.4131987594034,64.6425548251578,4.94424641543884,54.6968559879318,47.0482622795685,7.64859370836334
"China","CN","CHN",1987,1084035000,1.6036050865576,23.33,6.72,-169170,2.76,67.263,53.8,29.818722434381,65.1501730889257,5.0311044766934,53.4915338467236,45.7692144746242,7.72231937209932
"China","CN","CHN",1988,1101630000,1.61007108578698,22.37,6.64,-282194,2.539,67.607,53.9,29.3257661969808,65.5518424678098,5.12239133520937,52.5510134574385,44.7367535160784,7.81425994136013
"China","CN","CHN",1989,1118650000,1.53316999599862,21.58,6.54,-313476,2.52,67.93,53.8,28.9477974855335,65.8196987219849,5.23250379248157,51.9302002251661,43.9804466993709,7.94975352579518
"China","CN","CHN",1990,1135185000,1.46730321087928,21.06,6.67,-11187,2.514,68.155,53.6,28.7978623975995,65.8569801882713,5.34515741412924,51.8441927552078,43.7278816538546,8.11631110135323
"China","CN","CHN",1991,1150780000,1.36443400840349,19.68,6.7,-544650,1.934,68.61,53,28.6494339479896,65.8978621286935,5.45270392331688,51.7499911893015,43.4755134936161,8.27447769568534
"China","CN","CHN",1992,1164970000,1.2255362283362,18.27,6.64,-142985,1.776,69.059,52.1,28.4018884162175,66.0214936364516,5.57661794733089,51.465824931156,43.0191545598562,8.44667037129978
"China","CN","CHN",1993,1178440000,1.14961943083465,18.09,6.64,-373316,1.691,69.492,50.8,28.152313993074,66.1211561522476,5.72652985467844,51.2375248148208,42.5768628586572,8.66066195616354
"China","CN","CHN",1994,1191835000,1.13026063215591,17.7,6.49,-723641,1.628,69.835,49.2,27.8347939698598,66.279873047455,5.88533298268521,50.8753644114418,41.9958468718254,8.87951753961636
"China","CN","CHN",1995,1204855000,1.08650915088974,17.12,6.57,-365986,1.588,70.363,47.4,27.4339785539649,66.5129477763825,6.05307366965255,50.3466668288526,41.2460722961979,9.1005945326547
"China","CN","CHN",1996,1217550000,1.04814151412165,16.98,6.56,-250750,1.554,70.823,45.5,26.9510564783956,66.8238954729028,6.22504804870163,49.647067613935,40.3314656921257,9.31560192180929
"China","CN","CHN",1997,1230075000,1.02345002419879,16.57,6.51,-279251,1.527,71.227,43.5,26.3384934865934,67.2604374804175,6.4010690329891,48.6758097133644,39.1589684870811,9.51684122628328
"China","CN","CHN",1998,1241935000,0.959550406298151,15.64,6.5,-40472,1.522,71.601,41.4,25.7349978011082,67.6620557036552,6.60294649523664,47.7933222416058,38.0346082054349,9.75871403617088
"China","CN","CHN",1999,1252735000,0.865851392993279,14.64,6.46,-96102,1.53,71.952,39.1,25.1730829357413,68.0124027928449,6.8145142714138,47.0320057938311,37.012488817482,10.0195169763491
"China","CN","CHN",2000,1262645000,0.787956592953992,14.03,6.45,-62622,1.628,72.288,36.6,24.5440964322175,68.43842782702,7.01747574076251,46.1167405203608,35.8630336510379,10.2537068693229
"China","CN","CHN",2001,1271850000,0.726380637838525,13.38,6.43,-176419,1.563,72.675,34.1,23.8063676412849,68.9801155359775,7.21351682273765,44.9693136545846,34.5119277932475,10.4573858613371
"China","CN","CHN",2002,1280400000,0.669999567758626,12.86,6.41,-761291,1.566,73.034,31.4,22.9283090660666,69.67006217559,7.40162875834336,43.533674132168,32.9098443873013,10.6238297448667
"China","CN","CHN",2003,1288400000,0.622860936133583,12.41,6.4,-613223,1.57,73.385,28.8,22.0429286861472,70.3774446816481,7.57962663220469,42.0909788399502,31.3210131139287,10.7699657260215
"China","CN","CHN",2004,1296075000,0.593932815112141,12.29,6.42,-770977,1.605,73.727,26.3,21.1864300865381,71.0763188122428,7.73725110121901,40.6938368166364,29.8080014010037,10.8858354156327
"China","CN","CHN",2005,1303720000,0.588124989556992,12.4,6.51,-103701,1.624,74.085,24,20.2944682438603,71.815903350805,7.88962840533466,39.2449238610193,28.2590168343057,10.9859070267137
"China","CN","CHN",2006,1311020000,0.558374367373002,12.09,6.81,-759559,1.644,74.404,21.9,19.5921793755655,72.353957155972,8.05386346846253,38.2094413932748,27.078241666515,11.1311997267598
"China","CN","CHN",2007,1317885000,0.522271866392275,12.1,6.93,-1042019,1.666,74.789,20.1,19.1700513968524,72.6173623452205,8.21258625792709,37.7081137948543,26.3987162076362,11.3093975872181
"China","CN","CHN",2008,1324655000,0.51238693163744,12.14,7.06,-764370,1.701,74.833,18.5,18.8667349652856,72.7779121303034,8.35535290441098,37.4043264852973,25.9237101031735,11.4806163821237
"China","CN","CHN",2009,1331260000,0.497381400884935,11.95,7.08,-177135,1.714,75.317,17.1,18.6456512442356,72.856169869084,8.49817888668038,37.2567349884096,25.5924121405257,11.6643228478839
"China","CN","CHN",2010,1337705000,0.482959688678361,11.9,7.11,-184144,1.687,75.668,15.7,18.4740498241207,72.8644787380355,8.66147143784386,37.2410832935716,25.3539861052771,11.8870971882945
"China","CN","CHN",2011,1345035000,0.546457594880274,13.27,7.14,-416189,1.668,75.889,14.6,18.3420127268756,72.7988185445213,8.85916872860311,37.3648666288389,25.1954813314775,12.1693852973614
"China","CN","CHN",2012,1354190000,0.678345458846803,14.57,7.13,-58864,1.798,76.2,13.5,18.2973601933028,72.6134379386083,9.08920186808881,37.7155563230657,25.1983113824705,12.5172449405952
"China","CN","CHN",2013,1363240000,0.666072977690069,13.03,7.13,-188951,1.714,76.452,12.5,18.3054006638332,72.3383307205597,9.3562686156071,38.2392971679035,25.3052572204742,12.9340399474292
"China","CN","CHN",2014,1371860000,0.630326389541893,13.83,7.12,-371108,1.769,76.714,11.6,18.3286355819234,72.0051656801854,9.6661987378912,38.8789249288739,25.4546120407726,13.4243128881013
"China","CN","CHN",2015,1379860000,0.581456146657648,11.99,7.07,-646941,1.67,76.975,10.7,18.3181445490203,71.6284345359877,10.053420914992,39.6093613191235,25.5738445725498,14.0355167465737
"China","CN","CHN",2016,1387790000,0.573050906069647,13.57,7.04,-153056,1.772,77.214,10,18.3047480302718,71.2044525051679,10.4907994645602,40.4406557797685,25.7073082039891,14.7333475757794
"China","CN","CHN",2017,1396215000,0.605245013482969,12.64,7.06,-94625,1.795,77.235,9.3,18.3531272310458,70.6659121055216,10.9809606634325,41.5109449386089,25.9716837330442,15.5392612055647
"China","CN","CHN",2018,1402760000,0.467672053461959,10.86,7.08,-198206,1.539,77.709,8.6,18.3284745596771,70.1553162360731,11.5162092042497,42.5408726929072,26.1255676157591,16.4153050771481
"China","CN","CHN",2019,1407745000,0.354740890170827,10.41,7.09,-656091,1.496,77.94,8,18.1974813802408,69.74115264804,12.0613659717192,43.3873633674887,26.0928887428495,17.2944746246392
"China","CN","CHN",2020,1411100000,0.238040870229883,8.52,7.07,-91577,1.236,78.019,7.5,17.9548374596279,69.3999249325134,12.6452376078587,44.0923748389161,25.871551653934,18.2208231849821
"China","CN","CHN",2021,1412360000,0.0892522000412526,7.52,7.18,-379749,1.117,78.117,7,17.5818540220458,69.2124049434275,13.2057410345267,44.4827701882176,25.402749711839,19.0800204763786
"China","CN","CHN",2022,1412175000,-0.0130995013525784,6.77,7.37,-293846,1.034,78.202,6.6,17.1217997582731,69.0962698960779,13.781930345649,44.7256128180315,24.7796296526525,19.945983165379
"China","CN","CHN",2023,1410710000,-0.103794531589067,6.39,7.87,-567724,0.999,77.953,6.1,16.5896107225921,69.0943118083391,14.3160774690688,44.7297141014082,24.0100961427947,20.7196179586136
"China","CN","CHN",2024,1408975000,-0.123063407363995,6.77,7.76,-318992,1.013,78.017,5.7,16.0078123326803,69.3269188307508,14.665268836569,44.2441142865473,23.090327118542,21.1537871680053
"China","CN","CHN",2025,1406585000,-0.169770885652674,NA,NA,-268126,NA,NA,NA,15.4072909264023,69.6812776464024,14.9114314271952,43.5105718441117,22.1110913062959,21.3994805378158
"Germany","DE","DEU",1960,72814900,NA,17.3,12,212666,2.37,69.0640731707317,NA,21.284152360226,67.2403638536341,11.4754837861399,48.7201937280535,31.6538320987045,17.0663616293489
"Germany","DE","DEU",1961,73377632,0.769854344284138,17.9,11.6,27534,2.45,69.6448780487805,NA,21.7070935023809,66.6082636931087,11.6846428045104,50.1315207248644,32.5891891954931,17.5423315293713
"Germany","DE","DEU",1962,74025784,0.879431691508147,17.8,11.9,276505,2.44,69.7992195121951,NA,22.0333376204439,66.0635580065317,11.9031043730244,51.369382018882,33.3517271682128,18.0176548506692
"Germany","DE","DEU",1963,74714353,0.925875063469895,18.1,12,205976,2.51,69.9140731707317,NA,22.3389513478267,65.5777949478025,12.0832537043708,52.4906418428842,34.0648103596159,18.4258314832683
"Germany","DE","DEU",1964,75318337,0.805140883333687,18,11.6,69825,2.54,70.4355609756098,NA,22.6125394409779,65.0942052409339,12.2932553180881,53.6235051436965,34.7381763838705,18.8853287598261
"Germany","DE","DEU",1965,75963695,0.85319043680184,17.4,12,338258,2.5,70.4103658536585,NA,22.7973287177832,64.6956043945629,12.507066887654,54.5700053710261,35.2378317039973,19.3321736670288
"Germany","DE","DEU",1966,76600311,0.834560800634988,17.2,11.9,134107,2.53,70.5215853658537,NA,22.9559415536387,64.2998160408519,12.7442424055095,55.5214404621575,35.7014117411592,19.8200287209983
"Germany","DE","DEU",1967,76951336,0.457208526697556,16.5,11.9,-174155,2.48,70.7317317073171,NA,23.1404871492096,63.8139745764078,13.0455382743826,56.7054875455818,36.2624131704776,20.4430743751042
"Germany","DE","DEU",1968,77294314,0.444717326246995,15.7,12.6,293307,2.38,70.3784634146342,27.1,23.2647309157936,63.442393393415,13.2928756907914,57.6233085779918,36.6706382641334,20.9526703138584
"Germany","DE","DEU",1969,77909682,0.792983738181533,14.7,12.7,584017,2.21,70.2288048780488,26.4,23.2532115789434,63.2987728673812,13.4480155536755,57.9809445936403,36.7356429034522,21.2453016901881
"Germany","DE","DEU",1970,78169289,0.332661392813347,13.4,12.5,-273498,2.03,70.4471951219512,25.6,23.1590144645613,63.1781589954441,13.6628265399946,58.2825472637767,36.6566781243188,21.6258691394579
"Germany","DE","DEU",1971,78312842,0.183475313574861,12.9,12.3,450328,1.92,70.676756097561,24.9,23.0175790244571,63.0842158473901,13.8982051281528,58.5182568312291,36.4870649058412,22.0311919253879
"Germany","DE","DEU",1972,78688452,0.478481045657976,11.5,12.3,336015,1.71,70.9067073170732,24,22.7697301287221,63.1261902284617,14.1040796428162,58.412854365897,36.0701791004381,22.342675265459
"Germany","DE","DEU",1973,78936666,0.314942451198579,10.3,12.2,386881,1.54,71.1128048780488,23.1,22.3931058315944,63.2843827624819,14.3225114059237,58.0168682024003,35.3848842134241,22.6319839889762
"Germany","DE","DEU",1974,78967433,0.0389692231983959,10.2,12.1,-15126,1.51,71.4189268292683,22,21.9584155374606,63.4696148829269,14.5719695796125,57.5557050446958,34.5967362622502,22.9589687824457
"Germany","DE","DEU",1975,78673554,-0.372846359360899,9.9,12.6,-207740,1.45,71.259243902439,20.8,21.478905233059,63.682814250971,14.83828051597,57.028237040172,33.727946009157,23.300291031015
"Germany","DE","DEU",1976,78336950,-0.428766874960255,10.2,12.3,-79761,1.45,71.7122195121951,19.6,20.9184789720805,64.0184296449011,15.0630913830184,56.2050173992726,32.6757133113533,23.5293040879193
"Germany","DE","DEU",1977,78159814,-0.226376662518719,10.3,11.9,33881,1.4,72.3073170731707,18.3,20.3162568678444,64.3960101378824,15.2877329942733,55.2891251539136,31.5489379855702,23.7401871683434
"Germany","DE","DEU",1978,78091820,-0.0870314153537852,10.4,12.2,117167,1.38,72.2904146341464,17.1,19.6909981576671,64.8128253189438,15.4961765233891,54.2904498926818,30.3813299669071,23.9091199257748
"Germany","DE","DEU",1979,78126350,0.0442074062989572,10.5,12.1,237705,1.38,72.6301707317073,16,19.0533581957627,65.3142833612383,15.632358442999,53.1058661393606,29.1718084852245,23.9340576541361
"Germany","DE","DEU",1980,78288576,0.207430406185115,11.1,12.2,324203,1.44,72.8003170731707,15,18.4593516917974,65.9440716462125,15.5965766619901,51.6436551453294,27.9924360807664,23.651219064563
"Germany","DE","DEU",1981,78407907,0.152308489359723,11,12.2,130713,1.43,73.0402195121951,14.1,17.9133162536629,66.7535619755446,15.3331217707925,49.8047394700706,26.8349960778616,22.969743392209
"Germany","DE","DEU",1982,78333366,-0.0951134365477742,11,12,-58121,1.41,73.3331463414634,13.2,17.3823016804755,67.6420780607752,14.9756202587493,47.8369708164468,25.6974682727996,22.1395025436473
"Germany","DE","DEU",1983,78128282,-0.262152572305171,10.6,12,-81349,1.33,73.6221463414634,12.5,16.867101506468,68.5085830960339,14.6243153974981,45.9671116703225,24.6204215823911,21.3466900879314
"Germany","DE","DEU",1984,77858685,-0.345666402296961,10.4,11.8,-150771,1.29,74.0722926829268,11.8,16.3848162467496,69.1681141840731,14.4470695691773,44.575286113868,23.6883944006193,20.8868917132487
"Germany","DE","DEU",1985,77684873,-0.223489901582361,10.5,12,103556,1.37,74.1890975609756,11.1,16.0108506145324,69.457558146942,14.5315912385255,43.972812121187,23.0512719370557,20.9215401841313
"Germany","DE","DEU",1986,77720436,0.0457680639736539,10.9,11.9,212822,1.43,74.3968292682927,10.6,15.7755856578235,69.5237979740659,14.7006163681106,43.835640091565,22.6909146927486,21.1447253988164
"Germany","DE","DEU",1987,77839920,0.15361757528619,11.2,11.6,174272,1.43,74.8070243902439,10.1,15.6363753659192,69.5187649037966,14.8448597302842,43.8460538139654,22.4923087834645,21.3537450305009
"Germany","DE","DEU",1988,78144619,0.390678960242038,11.4,11.5,515962,1.46,74.9987317073171,9.5,15.6723154331432,69.4189494379369,14.9087351289199,44.0528846719278,22.5764221376767,21.4764625342511
"Germany","DE","DEU",1989,78751283,0.773336990610757,11.2,11.5,761002,1.42,75.1915365853659,9,15.8603816000506,69.2582410193316,14.8813773806178,44.3871505193462,22.9003530561256,21.4867974632205
"Germany","DE","DEU",1990,79433029,0.861969448764933,11.4,11.6,679702,1.45,75.0856341463415,8.5,16.0867963009817,69.0458972861167,14.8673064129016,44.8311985023753,23.2987003723641,21.5324981300112
"Germany","DE","DEU",1991,80013896,0.728605546561364,10.4,11.4,602638,1.33,75.319512195122,8,16.258055906019,68.8398927484779,14.9020513455031,45.2646079952826,23.6172012807209,21.6474067145618
"Germany","DE","DEU",1992,80624598,0.760346946721127,10,11,811606,1.29,75.819512195122,7.6,16.321172728234,68.7310497382724,14.9477775334936,45.4946502546562,23.7464330624825,21.7482171921737
"Germany","DE","DEU",1993,81156363,0.657391218087626,9.8,11.1,462096,1.28,75.8707317073171,7.2,16.3441551203909,68.6086204972715,15.0472243823376,45.7542790612997,23.8223057179994,21.9319733433002
"Germany","DE","DEU",1994,81438348,0.346856648630233,9.5,10.9,315585,1.24,76.2707317073171,6.8,16.3286602348081,68.4531831853126,15.2181565798793,46.0852432578517,23.8537627633,22.2314804945516
"Germany","DE","DEU",1995,81678051,0.293904443716697,9.4,10.8,398077,1.25,76.4219512195122,6.5,16.250858686528,68.3513415565947,15.3977997568773,46.3029082659604,23.7754792197269,22.5274290462335
"Germany","DE","DEU",1996,81914831,0.289474899455448,9.7,10.8,281280,1.3,76.6731707317073,6.2,16.1528018555614,68.3063358490373,15.5408622954013,46.3993024862644,23.6475886377536,22.7517138485108
"Germany","DE","DEU",1997,82034771,0.146313281561803,9.9,10.5,93281,1.35,77.0731707317073,5.9,16.0786499632393,68.2720544299515,15.6492956068092,46.4728155269079,23.5508515890849,22.921963937823
"Germany","DE","DEU",1998,82047195,0.0151436508552808,9.6,10.4,-754469,1.36,77.4756097560976,5.7,15.9351183002758,68.2355114174291,15.8293702822951,46.5512577287444,23.3531170303331,23.1981406984113
"Germany","DE","DEU",1999,82100243,0.0646345779052372,9.4,10.3,219280,1.36,77.7268292682927,5.5,15.7741157083767,68.1136120055995,16.1122722860238,46.8135325768876,23.1585359182715,23.6549966586161
"Germany","DE","DEU",2000,82211508,0.135431600393084,9.3,10.2,174594,1.38,77.9268292682927,5.4,15.6535979748025,67.885670642617,16.4607313825805,47.3064908238215,23.0587659515346,24.2477248722868
"Germany","DE","DEU",2001,82349925,0.168225361337335,8.9,10.1,272875,1.35,78.3292682926829,5.2,15.4800911459288,67.664203690965,16.8557051631062,47.7886305160811,22.8778139021257,24.9108166139553
"Germany","DE","DEU",2002,82488495,0.168128319406931,8.7,10.2,218795,1.34,78.2292682926829,5.1,15.2625653942145,67.4723981364479,17.2650364693375,48.208752521652,22.6204568894395,25.5882956322125
"Germany","DE","DEU",2003,82534176,0.0553633035873241,8.6,10.3,142009,1.34,78.3804878048781,5,15.0133625126399,67.268380561822,17.7182569255381,48.658252887585,22.3186023394632,26.3396505481219
"Germany","DE","DEU",2004,82516260,-0.021709727650009,8.6,9.9,81735,1.36,78.6804878048781,4.9,14.7540125320631,66.9801813153722,18.2658061525647,49.2978926675002,22.0274291765875,27.2704634909127
"Germany","DE","DEU",2005,82469422,-0.0567782618352031,8.3,10.1,81351,1.34,78.9317073170732,4.7,14.4931869040168,66.6481280445416,18.8586850514415,50.0417234262092,21.7458265566651,28.2958968695441
"Germany","DE","DEU",2006,82376451,-0.112797497644931,8.2,10,-489056,1.33,79.1317073170732,4.6,14.2108909465599,66.2934869710793,19.4956220823608,50.8443822110813,21.4363310956692,29.4080511154121
"Germany","DE","DEU",2007,82266372,-0.133718572600486,8.3,10.1,-24772,1.37,79.5341463414634,4.5,13.9853177564653,66.0234880594569,19.9911941840778,51.4612503536768,21.1823380035117,30.2789123501651
"Germany","DE","DEU",2008,82110097,-0.190142844695674,8.3,10.3,-23341,1.38,79.7365853658537,4.4,13.8430409429011,65.8696443375807,20.2873147195182,51.8149987679722,21.0158117972521,30.7991869707201
"Germany","DE","DEU",2009,81902307,-0.253383410163402,8.1,10.4,46533,1.36,79.8365853658537,4.3,13.757187332007,65.7212170370739,20.5215956309191,52.1578637771433,20.9326427257687,31.2252210513745
"Germany","DE","DEU",2010,81776930,-0.153198446937304,8.3,10.5,130116,1.39,79.9878048780488,4.2,13.6959117280411,65.7386429233445,20.5654453486144,52.117530215009,20.8338823882359,31.2836478267731
"Germany","DE","DEU",2011,80274983,-1.8537146287573,8.3,10.6,295282,1.39,80.4365853658537,4.1,13.57900848085,65.8994933869984,20.5214981321516,51.7462351755806,20.6056346172564,31.1406005583242
"Germany","DE","DEU",2012,80425823,0.187727800567293,8.4,10.8,199143,1.41,80.5390243902439,4,13.3908067735671,65.9715437998931,20.6376494265399,51.5805062735217,20.2978535421048,31.282652731417
"Germany","DE","DEU",2013,80645605,0.272900214681538,8.5,11.1,462384,1.42,80.490243902439,4,13.2325545744687,65.9544693115349,20.8129761139965,51.6197490623175,20.0631663677379,31.5565826945796
"Germany","DE","DEU",2014,80982500,0.416877359168292,8.8,10.7,592338,1.47,81.090243902439,4,13.1791375303406,65.8621937797938,20.9586686898656,51.8321732192251,20.0101708291702,31.8220023900549
"Germany","DE","DEU",2015,81686611,0.865702643950251,9,11.3,1175283,1.5,80.6414634146341,3.9,13.2101109669446,65.7365353514053,21.0533536816501,52.1224069865761,20.0955388462889,32.0268681402872
"Germany","DE","DEU",2016,82348669,0.807218538573871,9.6,11.1,517480,1.6,80.990243902439,3.9,13.3264938863506,65.5385099359924,21.134996177657,52.5820458594372,20.3338363835629,32.2482094758743
"Germany","DE","DEU",2017,82657002,0.373724559895838,9.5,11.3,452988,1.57,80.9926829268293,3.8,13.4570189858595,65.2493405041228,21.2936405100178,53.258253101446,20.6239913786603,32.6342617227857
"Germany","DE","DEU",2018,82905782,0.300526701992065,9.5,11.5,403908,1.57,80.8926829268293,3.8,13.5626162807968,64.9876223341919,21.4497613850113,53.8754552465607,20.8695376352005,33.0059176113602
"Germany","DE","DEU",2019,83092962,0.22551987421288,9.4,11.3,319082,1.54,81.2926829268293,3.7,13.6625971101334,64.709009583285,21.6283933065816,54.5379868593646,21.1139029701573,33.4240838892073
"Germany","DE","DEU",2020,83160871,0.0816931586494595,9.3,11.9,203468,1.53,81.0414634146342,3.7,13.7617263334875,64.3935455490144,21.8447281174981,55.295066596629,21.3712814284113,33.9237851682177
"Germany","DE","DEU",2021,83196078,0.0423270572552137,9.6,12.3,310264,1.58,80.790243902439,3.7,13.8577309430111,64.007731691245,22.1345373657439,56.2311272070142,21.6500899253927,34.5810372816215
"Germany","DE","DEU",2022,83177813,-0.0219565701848977,8.9,12.8,981552,1.455,80.6080487804878,3.7,13.9125311211787,63.6285624993021,22.4589063795192,57.1621227360374,21.8652290104873,35.2968937255501
"Germany","DE","DEU",2023,83287273,0.131511079477747,8.3,12.3,609553,1.39,81.0414634146342,3.7,13.9155702737293,63.2943857808214,22.7900439454493,57.9918953896649,21.9854732233193,36.0064221663456
"Germany","DE","DEU",2024,83516593,0.274957829184881,8.1,12.1,36954,1.36,80.7926829268293,3.7,13.9101604189277,62.8942524078782,23.1955871731941,58.9970399490838,22.1167431988536,36.8802967502303
"Germany","DE","DEU",2025,83491249,-0.0303506708320264,NA,NA,-334072,NA,NA,NA,13.8859014629835,62.4109003911736,23.7031981458429,60.2284213984744,22.2491615432977,37.9792598551767
"India","IN","IND",1960,435990338,NA,42.902,19.421,146955,5.921,45.61,241.3,40.5830655127958,56.1178820205874,3.29905246661682,78.1963185263407,72.3175284845771,5.8787900417636
"India","IN","IND",1961,446564729,2.39642770212636,42.67,19.227,295177,5.937,45.824,238.1,40.8724161026076,55.7890578006095,3.33852609678285,79.2466190568615,73.2624239087475,5.98419514811402
"India","IN","IND",1962,457283090,2.3718292492177,42.475,18.981,-70514,5.953,46.133,235,41.1607018326008,55.4442002824161,3.39509788498313,80.3615159024236,74.2380657001824,6.12345020224113
"India","IN","IND",1963,468138575,2.34617004494498,42.261,18.728,21640,5.969,46.458,232.2,41.4507795047652,55.0910185087824,3.45820198645241,81.5177912967037,75.2405392384447,6.27725205825901
"India","IN","IND",1964,479229598,2.34154578203199,42.061,18.512,-141916,5.979,46.742,229.6,41.6284156555789,54.8590362734649,3.51254807095617,82.2853750137233,75.8825135900436,6.40286142367976
"India","IN","IND",1965,490140146,2.25115521196281,41.65,19.359,-248299,5.941,45.558,227,41.6687820140324,54.7792309385732,3.5519870473944,82.5509385087176,76.0667526317678,6.48418587694977
"India","IN","IND",1966,500740247,2.13961351155644,41.205,19.058,-566982,5.881,45.884,224.5,41.6636702861234,54.7575774351527,3.57875227872386,82.623126636811,76.0874973177674,6.53562931904358
"India","IN","IND",1967,511606372,2.14680270986968,40.831,18.783,-70314,5.825,46.184,222.1,41.6119803934068,54.7936108923147,3.59440871427849,82.5030296249276,75.943124830678,6.55990479424957
"India","IN","IND",1968,522716889,2.14844716038577,40.485,17.515,-995416,5.76,47.925,219.7,41.5489992342193,54.841810032698,3.60919073308266,82.3426324478197,75.7615388869309,6.58109356088875
"India","IN","IND",1969,533880544,2.11321172870178,40.058,17.267,-851844,5.684,48.26,217.1,41.4858386761944,54.8812200720328,3.63294125177274,82.2116927473581,75.5920488315371,6.61964391582099
"India","IN","IND",1970,545864268,2.21982378728468,39.763,17.014,233782,5.624,48.585,214.4,41.3587261036841,54.9803453154402,3.66092858087571,81.8831795123665,75.2245662097928,6.6586133025737
"India","IN","IND",1971,558096387,2.21613325893602,39.724,16.812,-974574,5.565,48.902,211.4,41.2306463818492,55.074520438461,3.69483317968977,81.5721664288433,74.8633779352094,6.70878849363388
"India","IN","IND",1972,570482142,2.19501824226466,39.458,16.597,-82816,5.482,49.213,208.2,41.1093898370524,55.1551236420255,3.73548652092206,81.3068188425448,74.5341269220702,6.77269192047468
"India","IN","IND",1973,583465598,2.25036255306664,39.299,16.311,-404743,5.402,49.642,204.5,40.9735754814576,55.249031970561,3.77739254798137,80.9986462457341,74.1616168763596,6.83702936937455
"India","IN","IND",1974,597041391,2.3000950671043,39,15.893,347869,5.325,50.259,200.6,40.8343645306829,55.3502381043461,3.81539736497097,80.6676964293863,73.7745057491632,6.89319068022303
"India","IN","IND",1975,611309535,2.36169921715702,38.362,15.528,434205,5.195,50.761,196.1,40.6630683422924,55.4895000942526,3.847431563455,80.2142744665989,73.2806535889195,6.93362087767935
"India","IN","IND",1976,625861883,2.3526277752357,38.244,15.179,275984,5.13,51.302,191.3,40.487766691489,55.6368726804217,3.87536062808925,79.736917591325,72.7714638528495,6.96545373847543
"India","IN","IND",1977,640801103,2.35894044670683,37.563,14.817,590626,5.007,51.822,186.1,40.3047875995931,55.7972836385708,3.8979287618361,79.2201937493938,72.2343183991567,6.98587535023706
"India","IN","IND",1978,655728229,2.30273010047879,37.149,14.429,-210444,4.888,52.42,180.7,40.1251307879869,55.9571368552443,3.9177323567688,78.708214458787,71.7069049167313,7.00130954205567
"India","IN","IND",1979,671155747,2.32548037680355,37.001,14.066,774094,4.808,53.014,175.2,39.9511959628286,56.1143737446938,3.93443029247757,78.2074598737802,71.1960115942748,7.01144827950541
"India","IN","IND",1980,687354025,2.38482579119883,37.057,13.752,210914,4.775,53.593,169.8,39.7975374918351,56.2550850296868,3.94737747847816,77.7617081261085,70.7447824890761,7.01692563703238
"India","IN","IND",1981,703696250,2.34973202595162,36.761,13.424,33243,4.698,54.173,164.6,39.6851893410582,56.3557128209478,3.95909783799409,77.4442996803025,70.4191062530075,7.02519342729497
"India","IN","IND",1982,720313473,2.33396964438701,36.403,13.093,-10687,4.62,54.735,159.8,39.5799049561857,56.4504746532764,3.96962039053794,77.1464292145873,70.1143883164103,7.03204089817693
"India","IN","IND",1983,737372681,2.3406940951715,36.125,12.773,119694,4.565,55.283,155.2,39.4707064279418,56.551028608389,3.97826496366921,76.8314430501224,69.796619711279,7.0348233388435
"India","IN","IND",1984,754875449,2.34593300498783,35.917,12.471,-32313,4.516,55.813,151,39.370183967925,56.6451173589565,3.98469867311846,76.5377223359011,69.5032260564289,7.0344962794722
"India","IN","IND",1985,772647793,2.3270540843985,35.42,12.164,-89991,4.432,56.324,146.8,39.2770162225779,56.7327689888321,3.99021478858997,76.2649733062572,69.2316221602212,7.03335114603597
"India","IN","IND",1986,790689978,2.30826458791438,35.22,11.879,-249545,4.399,56.819,142.8,39.1796534823412,56.8247451594739,3.99560135818491,75.9796715196638,68.9482254766843,7.03144604297949
"India","IN","IND",1987,808931270,2.2808002561271,34.442,11.577,-219150,4.311,57.291,138.8,39.0660255969583,56.9321068525389,4.00186755050278,75.6478119789457,68.6186191881921,7.02919279075356
"India","IN","IND",1988,827342990,2.25053923542519,33.892,11.286,-155676,4.222,57.744,134.8,38.9229795130071,57.0666278323093,4.01039265468364,75.2337643196994,68.2062022094891,7.02756211021025
"India","IN","IND",1989,846039529,2.23467340339487,33.279,11,-2907,4.132,58.196,130.9,38.7520975394047,57.2258215963335,4.02208086426184,74.7462897436702,67.7178526711899,7.02843707248025
"India","IN","IND",1990,864972221,2.213130886438,32.569,10.726,125514,4.045,58.618,127,38.5602244453119,57.4019050737805,4.03787048090769,74.2102460090207,67.1758619066396,7.03438410238117
"India","IN","IND",1991,883927600,2.16777668657973,32.023,10.472,-157911,3.959,59.032,123.4,38.3509937701057,57.5905921154682,4.05841411442611,73.6394717785432,66.5924630419021,7.04700873664111
"India","IN","IND",1992,902957070,2.12998519274824,31.414,10.225,35155,3.877,59.445,119.9,38.1269662687286,57.7896275290253,4.08340620224614,73.0414337152497,65.9754490862909,7.06598462895876
"India","IN","IND",1993,922118387,2.09986069412181,30.771,10.001,2364,3.799,59.823,116.5,37.8896244154385,57.9978926827321,4.11248290182939,72.42005748992,65.3293121063226,7.09074538359737
"India","IN","IND",1994,941163767,2.04435418122792,30.295,9.777,-375253,3.723,60.237,113.1,37.6354900955109,58.2183206494931,4.14618925499594,71.767235521839,64.6454408552454,7.12179466659357
"India","IN","IND",1995,960301044,2.01296632914892,29.77,9.572,-57297,3.651,60.63,109.7,37.3483016526577,58.4681391112119,4.18355923613031,71.0333210055779,63.8780407115142,7.15528029406372
"India","IN","IND",1996,979678458,1.99775909414655,29.217,9.371,-26388,3.582,61.027,106.2,37.0248809038195,58.751339330383,4.22377976579751,70.2088855735137,63.0196371809324,7.18924839258131
"India","IN","IND",1997,999133762,1.966425183613,28.685,9.174,880,3.514,61.439,102.7,36.6813678630757,59.0516480610389,4.26698407588542,69.3432839707025,62.1174329361943,7.22585103450818
"India","IN","IND",1998,1018665080,1.93596384442712,28.199,8.988,-1049,3.446,61.852,99.1,36.3196138518854,59.3675103695515,4.31287577856306,68.4423001360828,61.1775928899812,7.26470724610156
"India","IN","IND",1999,1038225823,1.90202919152067,27.73,8.805,-95320,3.383,62.284,95.4,35.9382456334839,59.7005235536315,4.36123081288453,67.5027186489675,60.1975383901616,7.30518025880582
"India","IN","IND",2000,1057922733,1.87939826197393,27.518,8.628,-143960,3.35,62.749,91.8,35.5530832514968,60.0363292788794,4.41058746962383,66.5658129376285,59.2192821422475,7.34653079538106
"India","IN","IND",2001,1077898575,1.87060822112685,27.206,8.482,-70346,3.303,63.158,88.1,35.1665921350717,60.3721236017034,4.46128426322486,65.6393614041737,58.2497185633088,7.38964284086494
"India","IN","IND",2002,1097600380,1.81129424097937,26.538,8.294,-732419,3.217,63.649,84.6,34.7802511535299,60.7034726242062,4.51627622226394,64.7352214074379,57.2953237699307,7.43989763750713
"India","IN","IND",2003,1116803006,1.73438204419235,25.783,8.125,-606970,3.122,64.086,81.1,34.3900068263248,61.0366264092953,4.57336676437993,63.8360537864219,56.3432300811316,7.49282370529032
"India","IN","IND",2004,1135991513,1.7035704679088,25.121,7.982,-206660,3.046,64.484,77.7,33.9801045969698,61.3938727280818,4.62602267494844,62.8827039448926,55.3477131235162,7.53499082137635
"India","IN","IND",2005,1154676322,1.63142146860079,24.304,7.819,-929454,2.958,64.939,74.3,33.561919528129,61.7634053727483,4.67467509912271,61.9081709086155,54.3394900298151,7.56868087880033
"India","IN","IND",2006,1172878890,1.56412522526913,23.564,7.67,-342177,2.867,65.373,71,33.1286520695793,62.1494488498081,4.72189908061262,60.9024728456723,53.3048204008132,7.59765244485906
"India","IN","IND",2007,1190676021,1.50599144392136,22.932,7.536,-1037200,2.775,65.803,67.8,32.6823291810805,62.5476673904344,4.7700034284851,59.8780645451957,52.2518753881967,7.626189156999
"India","IN","IND",2008,1207930964,1.43877181746736,22.506,7.41,-1020047,2.711,66.247,64.5,32.2404380107605,62.9374830161807,4.82207897305879,58.8878284434793,51.226131880528,7.66169656295134
"India","IN","IND",2009,1225524753,1.44601731955273,22.211,7.29,-312905,2.674,66.7,61.2,31.797288593811,63.3246171976748,4.87809420851412,57.9164697840483,50.2131556109369,7.70331417311134
"India","IN","IND",2010,1243481564,1.45460361883041,21.633,7.164,-50905,2.598,67.162,58.1,31.3423674128553,63.7171853960836,4.94044719106105,56.9435299366504,49.1898177203431,7.7537122163073
"India","IN","IND",2011,1261224954,1.41682761544376,21.156,7.048,-247017,2.532,67.623,55,30.8799657912256,64.1076284698584,5.0124057389161,55.9876762675338,48.1689410271984,7.8187352403354
"India","IN","IND",2012,1278674502,1.37405616603306,20.672,6.945,-198935,2.47,68.076,52,30.4154795250561,64.4911322144707,5.09338826047327,55.060078071414,47.1622662551556,7.89781181625837
"India","IN","IND",2013,1295829511,1.33270430507476,20.061,6.859,-151372,2.399,68.499,49.1,29.9403754395359,64.8769968339134,5.18262772655076,54.1378376565175,46.1494472947975,7.98839036172002
"India","IN","IND",2014,1312277191,1.26129027125347,19.089,6.77,-227263,2.293,68.932,46.4,29.4366305001804,65.2562148871274,5.30715461269221,53.2421090234343,45.1093134210994,8.13279560233489
"India","IN","IND",2015,1328024498,1.19285563384335,18.936,6.729,-655085,2.289,69.326,43.7,28.9130012076453,65.6177857140772,5.46921307827757,52.3977058192572,44.0627505073559,8.33495531190129
"India","IN","IND",2016,1343944296,1.19162966402099,18.756,6.7,81248,2.284,69.709,41.3,28.3851530629213,65.9731160836743,5.64173085340436,51.5768937298059,43.0253333496195,8.5515603801864
"India","IN","IND",2017,1359657400,1.1623961434697,17.995,6.673,-251642,2.193,70.068,39,27.8478721919213,66.3274225183491,5.8247052897296,50.7672033452389,41.9854581257956,8.78174521944322
"India","IN","IND",2018,1374659064,1.09729906702925,17.91,6.67,-589794,2.184,70.415,36.9,27.3277554659182,66.6529850197096,6.01925951437221,50.0307900245271,41.0000474760581,9.03074254846896
"India","IN","IND",2019,1389030312,1.04001395098104,17.368,6.67,-978969,2.12,70.746,34.9,26.832323620307,66.944203338595,6.22347304109804,49.3781313856783,40.0816236562874,9.2965077293909
"India","IN","IND",2020,1402617695,0.973438646910149,16.744,7.214,-73806,2.047,70.156,33,26.3453740591996,67.2377729174314,6.41685302336898,48.725925362152,39.1824013206153,9.54352404153678
"India","IN","IND",2021,1414203896,0.822648220128724,16.491,9.259,-348916,2.014,67.282,31.2,25.9051614152815,67.5490478920304,6.54579069268807,48.0405766189907,38.3501503332631,9.69042628572764
"India","IN","IND",2022,1425423212,0.790200540609834,16.336,6.576,-1353478,1.994,71.698,29.5,25.4877038842946,67.8132963616236,6.69899975408181,47.4637059570602,37.5851126989677,9.87859325809253
"India","IN","IND",2023,1438069596,0.883289539766135,16.146,6.611,-979179,1.975,72.003,28,25.0570622244071,68.0210944742065,6.92184330138637,47.0132181120622,36.8371935149437,10.1760245971185
"India","IN","IND",2024,1450935791,0.890706546985984,15.981,6.587,-630830,1.962,72.235,26.6,24.6239027058366,68.2295801537644,7.14651714039908,46.5639973059355,36.0897761240317,10.4742211819038
"India","IN","IND",2025,1463865525,0.887183543977214,NA,NA,-495753,NA,NA,NA,24.1952667831956,68.4281617563294,7.37657146047502,46.1386620179175,35.3586391365505,10.780022881367
"Italy","IT","ITA",1960,50199700,NA,18.1,9.6,-140765,2.4,69.1239024390244,51.9,25.0119848598054,65.4830231232008,9.50499201699379,52.7113345131115,38.1961355222049,14.5151989909067
"Italy","IT","ITA",1961,50536350,0.668382874410405,18.4,9.3,-129761,2.44,69.760243902439,49.8,24.9532274248672,65.3916748926451,9.65509768248777,52.9246639423897,38.1596381300254,14.7650258123643
"Italy","IT","ITA",1962,50879450,0.676622989670017,18.4,10,-25840,2.46,69.149756097561,47.6,24.7428944401779,65.4683198410495,9.78878571877255,52.7456339509181,37.7936921555593,14.9519417953588
"Italy","IT","ITA",1963,51252000,0.729553242231653,18.7,10.1,-28198,2.51,69.2480487804878,45.3,24.5472894912361,65.5655265031317,9.88718400563216,52.5191761941056,37.4393235447917,15.0798526493139
"Italy","IT","ITA",1964,51675350,0.822623699867765,19.7,9.5,-27368,2.66,70.3117073170732,43.1,24.4573276903885,65.5390743771041,10.0035979325074,52.5807331892308,37.3171708395997,15.2635623496311
"Italy","IT","ITA",1965,52112350,0.842108616866269,19,9.9,-36267,2.6,70.1717073170732,41.1,24.4566716738803,65.3963757602299,10.1469525658898,52.9136707873346,37.3975941258445,15.5160766614902
"Italy","IT","ITA",1966,52519000,0.77730440730804,18.7,9.4,-35352,2.58,70.9260975609756,39.3,24.4891996999869,65.2013045611933,10.3094957388198,53.3711650236531,37.559371496828,15.8117935268251
"Italy","IT","ITA",1967,52900500,0.723778172767654,17.9,9.6,-37992,2.5,70.9565853658537,37.8,24.5557185675799,64.9578538361576,10.4864275962624,53.9459749022707,37.8025406316771,16.1434342705935
"Italy","IT","ITA",1968,53235750,0.631737252752781,17.5,10,-50149,2.46,70.78,36.4,24.6264497758966,64.7216077134239,10.6519425106795,54.5079030979306,38.0498111843341,16.4580919135965
"Italy","IT","ITA",1969,53537950,0.56605850865814,17.4,10.1,-45346,2.47,70.8119512195122,35.1,24.6812055913086,64.489457499893,10.8293369087984,55.0641055607004,38.2716913993823,16.7924141613181
"Italy","IT","ITA",1970,53821850,0.528877031717835,16.7,9.7,-62216,2.38,71.5587804878049,33.6,24.6856103491059,64.2597914744167,11.0545981764774,55.6183057623432,38.4153280902002,17.2029776721429
"Italy","IT","ITA",1971,54073490,0.466452872314018,16.8,9.7,-58627,2.4,71.8068292682927,31.8,24.6362415794229,64.0590184726353,11.3047399479418,56.1060444475982,38.4586633075191,17.6473811400791
"Italy","IT","ITA",1972,54381345,0.567712498645759,16.3,9.6,43182,2.35,72.0753658536586,29.8,24.5914350216916,63.8790485515229,11.5295164267855,56.5458497290281,38.496870570989,18.0489791580391
"Italy","IT","ITA",1973,54751406,0.678187647585975,16,10,41631,2.3,72.0263414634146,27.6,24.5514348822116,63.7216018338248,11.7269632839636,56.9326522258512,38.5292185186781,18.4034337071731
"Italy","IT","ITA",1974,55110868,0.654388935648374,15.8,9.7,42487,2.28,72.7343902439025,25.3,24.4680035548712,63.5915321201931,11.9404643249357,57.2536430495541,38.4768265681709,18.7768164813832
"Italy","IT","ITA",1975,55441001,0.597247218554801,14.9,10,43051,2.17,72.6473170731708,23.1,24.2998233786743,63.5418063774556,12.1583702438701,57.3767009590665,38.2422594571499,19.1344415019166
"Italy","IT","ITA",1976,55718260,0.498851058340731,14,9.9,40885,2.04,72.9919512195122,21.1,24.0537379987353,63.5808612155316,12.3654007857331,57.2800318408859,37.8317259990149,19.448305841871
"Italy","IT","ITA",1977,55955411,0.424722057350148,13.2,9.8,42246,1.93,73.3646341463415,19.5,23.7454297176025,63.6692718805705,12.585298401827,57.0616348779303,37.2949607065299,19.7666741714003
"Italy","IT","ITA",1978,56155143,0.356312950366128,12.6,9.6,43932,1.84,73.6931707317073,18.1,23.3520737883506,63.8167003642568,12.8312258473925,56.6987929772665,36.5924172151529,20.1063757621136
"Italy","IT","ITA",1979,56317749,0.289147207649738,11.9,9.6,42637,1.73,74.0026829268293,17,22.8490008797062,64.0730145416959,13.077984578598,56.0719456120748,35.6608796912135,20.4110659208613
"Italy","IT","ITA",1980,56433883,0.20599975185947,11.3,9.8,295642,1.64,73.9431707317073,16.1,22.26320496985,64.5235570048825,13.2132380252674,54.9821549352955,34.5039946970804,20.478160238215
"Italy","IT","ITA",1981,56501675,0.12005432007943,11,9.7,7182,1.58,74.3539024390244,15.2,21.6462118303345,65.1068719741203,13.2469161955452,53.5936185021054,33.2471993169881,20.3464191851173
"Italy","IT","ITA",1982,56543548,0.0740818599916188,10.9,9.5,-24223,1.56,74.8146341463415,14.3,21.0513021297356,65.7375687698422,13.2111291004221,52.1200147838248,32.023243577395,20.0967712064297
"Italy","IT","ITA",1983,56564074,0.0362946366697159,10.6,10,-3733,1.51,74.640243902439,13.5,20.4777343256989,66.4505054217075,13.0717602525937,50.4879451635458,30.8165221415116,19.6714230220342
"Italy","IT","ITA",1984,56576718,0.0223509131041464,10.4,9.5,203,1.46,75.389512195122,12.7,19.8980942777991,67.1286170949212,12.9732886272797,48.967765697237,29.6417472863018,19.3260184109352
"Italy","IT","ITA",1985,56593071,0.0288999392122477,10.2,9.7,6911,1.42,75.4707317073171,12,19.319355037601,67.5247270050855,13.1559179573136,48.0938963268662,28.6107848008902,19.483111525976
"Italy","IT","ITA",1986,56596155,0.00544928189677628,9.8,9.6,-6206,1.35,75.7707317073171,11.4,18.7210200086636,67.7806147981167,13.4983651932197,47.5348100224753,27.6200221150411,19.9147879074342
"Italy","IT","ITA",1987,56601931,0.0102051195547741,9.7,9.4,7825,1.33,76.219512195122,10.8,18.1188328902769,68.0194919047037,13.8616752050194,47.0166813565779,26.6377060611351,20.3789752954428
"Italy","IT","ITA",1988,56629288,0.0483205970471755,10.1,9.5,18553,1.36,76.3707317073171,10.4,17.5491264510616,68.2056058106738,14.2452677382646,46.615514477668,25.7297411019148,20.8857733757532
"Italy","IT","ITA",1989,56671781,0.0750090045352437,9.9,9.4,19540,1.33,76.819512195122,10,16.9961118354318,68.3983029570568,14.6055852075114,46.2024569290307,24.8487328073684,21.3537241216622
"Italy","IT","ITA",1990,56719240,0.0837085729587984,10,9.6,35317,1.33,76.9707317073171,9.7,16.464876701766,68.5717355949906,14.9633877032434,45.8326814441136,24.0111713650299,21.8215100790837
"Italy","IT","ITA",1991,56758521,0.0692311889532843,9.9,9.7,19721,1.3,77.0195121951219,9.3,15.7630809851534,68.9071420944299,15.3297769204167,45.1228392248408,22.8758312148793,22.2470080099615
"Italy","IT","ITA",1992,56797087,0.0679244330808808,10,9.6,51747,1.3,77.419512195122,8.9,15.2222303690752,69.0861772499757,15.6915923809491,44.7467535816975,22.0336835840809,22.7130699976167
"Italy","IT","ITA",1993,56831821,0.061135853002924,9.7,9.7,24321,1.25,77.7219512195122,8.5,15.0207771844782,68.9585359481862,16.0206868673356,45.0146785977543,21.7823312407796,23.2323473569746
"Italy","IT","ITA",1994,56843400,0.0203720739457194,9.4,9.7,502750,1.21,77.9219512195122,8,14.7561157028219,68.5306607936052,16.7132235035729,45.9200858587199,21.532137027913,24.3879488308069
"Italy","IT","ITA",1995,56844303,0.00158856230917393,9.2,9.8,-460287,1.19,78.1707317073171,7.5,14.5921413096782,68.3638811038942,17.0439775864275,46.2760710154136,21.3448109326756,24.931260082738
"Italy","IT","ITA",1996,56860281,0.0281044080072756,9.3,9.7,53450,1.2,78.5219512195122,7,14.5146587227306,68.4556993510288,17.0296419262406,46.0798749813194,21.2029959945384,24.876878986781
"Italy","IT","ITA",1997,56890372,0.05290695026061,9.4,9.8,50539,1.22,78.8243902439024,6.6,14.4061925457718,68.2339483079122,17.359859146316,46.5546147309429,21.1129411927757,25.4416735381672
"Italy","IT","ITA",1998,56906744,0.0287740158774372,9.3,10,67985,1.22,78.9756097560976,6.2,14.3411371257333,68.0179729180157,17.640889956251,47.0199639784354,21.0843341433371,25.9356298350983
"Italy","IT","ITA",1999,56916317,0.0168208444553697,9.4,9.8,54405,1.23,79.4243902439024,5.9,14.3024384958571,67.7764724054295,17.9210890987134,47.5438248032345,21.1023641928302,26.4414606104043
"Italy","IT","ITA",2000,56942108,0.045303631138613,9.5,9.8,56065,1.26,79.7780487804878,5.6,14.2747100680869,67.5085230928763,18.2167668390368,48.1294446293176,21.1450492050421,26.9843954242755
"Italy","IT","ITA",2001,56976981,0.0612241572425483,9.4,9.6,48903,1.25,80.1268292682927,5.3,14.2411416039056,67.2460964897238,18.5127619063707,48.7075175866785,21.1776489688213,27.5298686178572
"Italy","IT","ITA",2002,57089824,0.197854295667482,9.4,9.8,223861,1.27,80.2292682926829,5.1,14.2432238310179,66.9579864831676,18.7987896858146,49.3473808027516,21.2718806424819,28.0755001602697
"Italy","IT","ITA",2003,57399184,0.540420007681938,9.5,10.2,478578,1.29,79.9829268292683,4.8,14.219785766462,66.7276486841402,19.0525655493978,49.8629152573739,21.3101855021181,28.5527297552558
"Italy","IT","ITA",2004,57828179,0.744609563112575,9.7,9.5,417970,1.34,80.7804878048781,4.6,14.1536537692579,66.5171341036441,19.329212127098,50.3372034792499,21.2782070193698,29.0589964598802
"Italy","IT","ITA",2005,58166682,0.583653375692943,9.5,9.8,258702,1.33,80.7829268292683,4.5,14.1176253265717,66.2471392322581,19.6352354411702,50.9499137159275,21.3105426532052,29.6393710627223
"Italy","IT","ITA",2006,58399861,0.400079310970985,9.6,9.6,215995,1.37,81.2829268292683,4.3,14.0845959657206,65.9798087065192,19.9355953277602,51.5615168509947,21.3468260775809,30.2146907734138
"Italy","IT","ITA",2007,58756247,0.608396959196212,9.6,9.7,495092,1.39,81.4341463414634,4.2,14.0448659690144,65.8315160605745,20.1236179704111,51.9029280358121,21.3345622847991,30.568365751013
"Italy","IT","ITA",2008,59211181,0.771291301351719,9.7,9.9,422534,1.44,81.4853658536585,4.1,14.0265518684797,65.7691092145749,20.2043389169453,52.0470658069481,21.3269605116404,30.7201052953077
"Italy","IT","ITA",2009,59555454,0.579748620940622,9.6,9.9,283676,1.44,81.6365853658537,4.1,14.0384774405046,65.6480061547799,20.3135164047155,52.3275513333924,21.3844689951405,30.9430823382519
"Italy","IT","ITA",2010,59819407,0.442226157086815,9.4,9.8,274387,1.44,82.0365853658537,4,14.0360499687746,65.5049888211785,20.4589612100469,52.6601278213311,21.4274521869456,31.2326756343854
"Italy","IT","ITA",2011,60026841,0.346167211080488,9.1,9.9,198544,1.42,82.1878048780488,3.9,14.0068552515581,65.3052108613489,20.6879338870931,53.1271377991006,21.448297228707,31.6788405703935
"Italy","IT","ITA",2012,60191247,0.273513088134657,8.9,10.2,252524,1.42,82.2390243902439,3.8,13.9714989786725,65.0318565461314,20.9966444751961,53.7707896984645,21.4840834943542,32.2867062041103
"Italy","IT","ITA",2013,60311613,0.199772918304074,8.5,10,158090,1.39,82.690243902439,3.7,13.9177429383585,64.7515846412995,21.330672420342,54.4363754385898,21.4940570728419,32.9423183657478
"Italy","IT","ITA",2014,60320707,0.0150772197985246,8.3,9.9,52679,1.38,83.090243902439,3.6,13.8275522315507,64.4745737605598,21.6978740078895,55.0998998007766,21.4465189698556,33.653380830921
"Italy","IT","ITA",2015,60229605,-0.151143561276007,8.1,10.8,39389,1.36,82.5439024390244,3.5,13.7068661763151,64.264608211041,22.0285256126439,55.6066425327957,21.3287933340085,34.2778491987872
"Italy","IT","ITA",2016,60115223,-0.190090486385849,7.9,10.2,84568,1.36,83.2439024390244,3.4,13.5548619804282,64.1355493804101,22.3095886391617,55.9197690149889,21.1347104176194,34.7850585973695
"Italy","IT","ITA",2017,60002252,-0.188100912559894,7.6,10.8,95147,1.34,82.9463414634147,3.3,13.3921351432526,64.0491957667784,22.558669089969,56.129984783102,20.9091394021903,35.2208453809116
"Italy","IT","ITA",2018,59877221,-0.208594586223998,7.3,10.6,83686,1.31,83.3463414634146,3.2,13.2174935892537,63.976292081862,22.8062143288843,56.3079012821236,20.6599872306076,35.647914051516
"Italy","IT","ITA",2019,59729081,-0.247712826621699,7,10.6,46634,1.27,83.4975609756098,3.1,13.0238937094704,63.8719351973526,23.104171093177,56.5632847288554,20.3906357306347,36.1726489982207
"Italy","IT","ITA",2020,59438851,-0.487095091717782,6.8,12.5,85281,1.24,82.1951219512195,3,12.8259753776361,63.7947913907968,23.379233231567,56.7526091414435,20.1050500131979,36.6475591282456
"Italy","IT","ITA",2021,59133173,-0.515599998844444,6.8,11.9,157327,1.25,82.6463414634146,2.9,12.6146793829164,63.7233470647178,23.6619735523658,56.9283547845865,19.7960083315913,37.1323464529951
"Italy","IT","ITA",2022,59013667,-0.20230086688254,6.7,12.1,231228,1.24,82.7,2.8,12.3897806298347,63.6810296805062,23.929189689659,57.0326358787404,19.4559994141644,37.576636464576
"Italy","IT","ITA",2023,58984216,-0.0499178457490556,6.4,11.4,150189,1.21,83.3512195121951,2.8,12.1444351765721,63.6367816692365,24.2187831541913,57.1418238396626,19.0839872604335,38.0578365792292
"Italy","IT","ITA",2024,58952704,-0.0534387378437725,6.3,11,95246,1.18,83.9512195121951,2.7,11.892304596608,63.4829186800159,24.624776723376,57.5226887063978,18.7330776087373,38.7896110976605
"Italy","IT","ITA",2025,58915656,-0.0628633523365352,NA,NA,75448,NA,NA,NA,11.6571656432714,63.2446962834167,25.0981380733118,58.1160267505234,18.4318478813843,39.6841788691391
"Japan","JP","JPN",1960,93216000,NA,17.2,7.6,-150371,2,67.6956097560976,39.8,29.8335721366756,64.4237840296967,5.74264383362765,55.2221773083982,46.3083204038414,8.91385690455683
"Japan","JP","JPN",1961,94055000,0.89603367679599,16.9,7.4,-58882,1.96,68.3519512195122,36.3,29.140386508333,65.0130565101882,5.84655698147887,53.8152578259676,44.8223614072277,8.9928964187399
"Japan","JP","JPN",1962,94933000,0.929166208260758,17,7.5,-57075,1.98,68.6348780487805,32.9,27.9951404825904,66.051437825176,5.95342169223361,51.3971596123928,42.3838479757095,9.01331163668331
"Japan","JP","JPN",1963,95900000,1.0134602261801,17.3,7,-100742,2,69.7124390243902,29.7,26.8221291263786,67.1128306648893,6.06504020873211,49.0028053390237,39.9657246939364,9.03708064508736
"Japan","JP","JPN",1964,96903000,1.04044962804068,17.7,6.9,-100696,2.05,70.2065853658537,27,25.827483759214,67.981764433336,6.19075180744998,47.0982713087906,37.9917827590042,9.10648854978634
"Japan","JP","JPN",1965,97952000,1.07670845932027,18.6,7.1,-50667,2.14,70.2668292682927,24.6,25.0864358557067,68.5837073666981,6.32985677759516,45.8072243377194,36.5778363283838,9.22938800933558
"Japan","JP","JPN",1966,98851000,0.91361031403398,13.7,6.8,68934,1.58,70.9158536585366,22.6,24.3509139241206,69.1457935091073,6.50329256677208,44.6219580757694,35.2167686388679,9.40518943690149
"Japan","JP","JPN",1967,99879000,1.03457874436927,19.4,6.8,29632,2.23,71.4660975609756,21,23.7923041767547,69.5206514626946,6.68704436055067,43.8421498908118,34.2233614752442,9.61878841556759
"Japan","JP","JPN",1968,101011000,1.12699684549535,18.6,6.8,43593,2.13,71.6109756097561,19.6,23.5368430993496,69.6376857608144,6.82547113983608,43.6004076840711,33.7990029047199,9.80140477935123
"Japan","JP","JPN",1969,102219000,1.18881486689276,18.5,6.8,49447,2.13,71.8580487804878,18.5,23.3660985015056,69.6797827852744,6.95411871321999,43.5136509254201,33.53354071928,9.9801102061401
"Japan","JP","JPN",1970,103403000,1.15164047221803,18.8,6.9,33731,2.13,71.919756097561,17.5,23.2581011603079,69.6793126172591,7.062586222433,43.5146182191657,33.3787746094753,10.1358436096904
"Japan","JP","JPN",1971,105697000,2.19425350665006,19.2,6.6,-107778,2.16,72.8090243902439,16.5,23.2575743284196,69.5429505565711,7.1994751150093,43.7960265785048,33.4434676195077,10.3525589589971
"Japan","JP","JPN",1972,107188000,1.40077918128147,19.3,6.5,-73980,2.14,73.1536585365854,15.7,23.4053616679142,69.2056258685375,7.38901246354837,44.4969236099707,33.8200274828328,10.6768961271379
"Japan","JP","JPN",1973,108707000,1.40718874054303,19.4,6.6,-34674,2.14,73.2951219512195,14.9,23.5983575298758,68.8315114324754,7.57013103764886,45.2822959956616,34.2842362781655,10.9980597174961
"Japan","JP","JPN",1974,110162000,1.32958201880625,18.6,6.5,-10145,2.05,73.6721951219512,14.1,23.7524070907648,68.5055589920637,7.74203391717149,45.9735550437387,34.6722334372647,11.3013216064739
"Japan","JP","JPN",1975,111573000,1.27270755263251,17.1,6.3,107,1.91,74.2470731707317,13.3,23.8451154363037,68.233464461494,7.92142010220224,46.555654454939,34.9463654485361,11.6092890064029
"Japan","JP","JPN",1976,112775000,1.07155981022304,16.3,6.3,-34976,1.85,74.6865853658537,12.5,23.8774659436153,67.9924181414418,8.13011591494288,47.0752212649056,35.1178355848351,11.9573856800705
"Japan","JP","JPN",1977,113872000,0.968032726245575,15.5,6.1,-49082,1.8,75.2558536585366,11.8,23.8619325301944,67.7794138396384,8.3586536301672,47.5374225008096,35.2052804590887,12.3321420417209
"Japan","JP","JPN",1978,114913000,0.910030976022608,14.9,6.1,-47996,1.79,75.5846341463415,11.1,23.7955614799974,67.6059831882109,8.59845533179161,47.915903116287,35.1974202265797,12.7184828897073
"Japan","JP","JPN",1979,115890000,0.846614502915837,14.2,6,-57692,1.77,76.1087804878049,10.5,23.6620522621399,67.4998312649979,8.83811647286222,48.1485180661041,35.0549796042352,13.0935384618689
"Japan","JP","JPN",1980,116807000,0.788153475885542,13.6,6.2,-92314,1.75,75.9890243902439,9.9,23.4332743409368,67.4979910231568,9.06873463590645,48.1525582599754,34.7169957253192,13.4355625346562
"Japan","JP","JPN",1981,117661000,0.728460836014089,13,6.1,-278525,1.74,76.3948780487805,9.3,23.2842219296278,67.4132716220143,9.30250644835794,48.3387424950324,34.5395215504759,13.7992209445565
"Japan","JP","JPN",1982,118480000,0.693656149424745,12.8,6,-288550,1.77,76.8736585365854,8.8,23.0608032629826,67.3987614843692,9.54043525264828,48.3706794444109,34.2154705660338,14.1552088783772
"Japan","JP","JPN",1983,119307000,0.695583303069267,12.7,6.2,-269755,1.8,76.9219512195122,8.3,22.6426332139566,67.5976758161857,9.75969096985775,47.9340804239778,33.4961707222302,14.4379097017476
"Japan","JP","JPN",1984,120083000,0.648316736732903,12.5,6.2,-273686,1.81,77.2912195121951,7.9,22.2012933835926,67.7644986110077,10.0342080053998,47.5698955741726,32.7624252978326,14.80747027634
"Japan","JP","JPN",1985,120837000,0.625935963624604,11.9,6.3,-141323,1.76,77.5604878048781,7.5,21.6725540960789,67.9765027959629,10.3509431079582,47.1096562806627,31.8824196029238,15.2272366777388
"Japan","JP","JPN",1986,121482000,0.532357366362317,11.4,6.2,27987,1.72,78.0104878048781,7.1,21.0348928025249,68.3235903492155,10.6415168482596,46.3623306379076,30.7871590348746,15.575171603033
"Japan","JP","JPN",1987,122069000,0.482035496974784,11.1,6.2,28001,1.69,78.429512195122,6.8,20.3179794932554,68.7231736097774,10.9588468969672,45.5113239122552,29.564960490795,15.9463634214602
"Japan","JP","JPN",1988,122578000,0.416110342195181,10.8,6.5,51154,1.66,78.349756097561,6.6,19.5443726443144,69.1479076440933,11.3077197115923,44.6175360625366,28.2645900391696,16.352946023367
"Japan","JP","JPN",1989,123069000,0.399761164504292,10.2,6.4,31202,1.57,78.7685365853659,6.4,18.7536886197028,69.5376485880187,11.7086627922785,43.8069904974322,26.9691151558878,16.8378753415444
"Japan","JP","JPN",1990,123478000,0.33178288536374,10,6.7,124582,1.54,78.8370731707317,6.3,18.0209930627542,69.819769793807,12.1592371434388,43.2259096480185,25.810731457451,17.4151781905674
"Japan","JP","JPN",1991,123964000,0.392819832481862,9.9,6.7,161331,1.53,79.0368292682927,6.2,17.3960154393736,69.9613218176703,12.6426627429561,42.9361215262821,24.8651902542803,18.0709312720018
"Japan","JP","JPN",1992,124425000,0.371192387198527,9.8,6.9,170878,1.5,79.080243902439,6.1,16.8691663255013,69.9847337321088,13.14609994239,42.8883052137838,24.1040656359454,18.7842395778384
"Japan","JP","JPN",1993,124829000,0.32416759914373,9.6,7.1,168836,1.46,79.3036585365854,6,16.3985200155226,69.9563328113263,13.6451471731511,42.9463158255274,23.4410805394251,19.5052352861024
"Japan","JP","JPN",1994,125178000,0.279192363973672,10,7.1,154214,1.5,79.6968292682927,5.9,15.9887269263962,69.8641023892526,14.1471706843512,43.1350245429377,22.8854686768155,20.2495558661222
"Japan","JP","JPN",1995,125472000,0.234590173412918,9.6,7.4,87714,1.42,79.5360975609756,5.7,15.637285960316,69.7026222846472,14.6600917550368,43.4666246286158,22.4342860263401,21.0323386022757
"Japan","JP","JPN",1996,125757000,0.226884732460898,9.7,7.2,25030,1.43,80.219756097561,5.5,15.3309610640981,69.4675750807091,15.2014638551928,43.9520529327622,22.069233523341,21.8828194094212
"Japan","JP","JPN",1997,126057000,0.238271217591483,9.5,7.3,43366,1.39,80.4241463414634,5.2,15.0634340955112,69.1717668350581,15.7647990694307,44.5676534115945,21.776853060009,22.7908003515855
"Japan","JP","JPN",1998,126400000,0.271729610231193,9.6,7.5,45912,1.38,80.5014634146342,5,14.8146150388757,68.8656637769943,16.31972118413,45.2102463428644,21.5123385226735,23.697907820191
"Japan","JP","JPN",1999,126631000,0.182586374140107,9.4,7.8,56901,1.34,80.4609756097561,4.7,14.5815598930625,68.5498804257651,16.8685596811724,45.8791750960099,21.271459163502,24.6077159325078
"Japan","JP","JPN",2000,126843000,0.167275578113187,9.5,7.7,23468,1.36,81.0760975609756,4.5,14.3804955150404,68.1776733120971,17.4418311728625,46.6755835541567,21.0926758000701,25.5829077540866
"Japan","JP","JPN",2001,127149000,0.240952587521069,9.3,7.7,59563,1.33,81.4163414634146,4.3,14.2177007369188,67.7479909107131,18.0343083523681,47.6058531225117,20.9861581072766,26.6196950152351
"Japan","JP","JPN",2002,127445000,0.232527187105684,9.2,7.8,60864,1.32,81.6907317073171,4.1,14.0758568340938,67.3244500484678,18.5996931174384,48.5344482614523,20.907496587041,27.6269516744114
"Japan","JP","JPN",2003,127718000,0.213980948779682,8.9,8,74875,1.29,81.76,4,13.9478271660868,66.9575836342452,19.094589199668,49.3482801823691,20.8308401123161,28.5174400700531
"Japan","JP","JPN",2004,127761000,0.0336622582725446,8.8,8.2,69014,1.29,82.030243902439,3.9,13.8418337943171,66.5365880427247,19.6215781629582,50.2932483497693,20.8033414812121,29.4899068685571
"Japan","JP","JPN",2005,127773000,0.00939209655766336,8.4,8.6,113017,1.26,81.9551219512195,3.7,13.7523649265,65.9657352913659,20.2818997821341,51.5938532384092,20.8477396216678,30.7461136167414
"Japan","JP","JPN",2006,127854000,0.0633735894181335,8.7,8.6,130065,1.32,82.3219512195122,3.6,13.6683228285827,65.3532182401032,20.9784589313141,53.0146521815892,20.9145360736106,32.1001161079786
"Japan","JP","JPN",2007,128001000,0.114908847726211,8.6,8.8,138024,1.34,82.5070731707317,3.5,13.5939664362105,64.7793337379624,21.6266998258271,54.3702199499157,20.9850359140114,33.3851840359043
"Japan","JP","JPN",2008,128063000,0.0484253945978966,8.7,9.1,142605,1.37,82.5875609756098,3.4,13.5325090930202,64.214111256134,22.2533796508458,55.7290109699313,21.0740424243022,34.6549685456291
"Japan","JP","JPN",2009,128047000,-0.0124946312294096,8.5,9.1,125450,1.37,82.9314634146342,3.4,13.4566067470913,63.7809247445693,22.7624685083393,56.7866882497385,21.0981677739152,35.6885204758233
"Japan","JP","JPN",2010,128070000,0.0179605415195644,8.5,9.5,131860,1.39,82.8426829268293,3.3,13.3709285251368,63.5310455900648,23.0980258847984,57.4033595360909,21.0462905004547,36.3570690356362
"Japan","JP","JPN",2011,127833000,-0.185226486410846,8.3,9.9,97720,1.39,82.5912195121951,3.3,13.2894965673615,63.0577639232849,23.6527395093536,58.5847537839962,21.0751153930402,37.5096383909559
"Japan","JP","JPN",2012,127629000,-0.159710675844347,8.2,10,67904,1.41,83.0960975609756,3.1,13.1960930297784,62.2912286364192,24.5126783338024,60.5362463320268,21.1845129496144,39.3517333824124
"Japan","JP","JPN",2013,127445000,-0.144271883387076,8.2,10.1,66449,1.43,83.3319512195122,3,13.0900836212039,61.4978527996995,25.4120635790966,62.6073022231989,21.2854317445562,41.3218704786427
"Japan","JP","JPN",2014,127276000,-0.132694222147042,8,10.1,58109,1.42,83.5878048780488,2.9,12.9707262695196,60.8030853939639,26.2261883365166,64.4653380797358,21.3323493703492,43.1329887093866
"Japan","JP","JPN",2015,127141000,-0.106124993746747,8,10.3,168896,1.45,83.7939024390244,2.8,12.8443762976365,60.2326202870854,26.9230034152781,66.0229941997136,21.3246175037369,44.6983766959767
"Japan","JP","JPN",2016,127076000,-0.0511374152133631,7.8,10.5,314732,1.44,83.9848780487805,2.7,12.7232492406355,59.7647226208824,27.5120281384821,67.3227876016443,21.2888950329705,46.0338925686738
"Japan","JP","JPN",2017,126972000,-0.081874296046114,7.6,10.8,322564,1.43,84.099756097561,2.6,12.6078326716887,59.4143459524436,27.9778213758677,68.3095186249903,21.2201822483563,47.089336376634
"Japan","JP","JPN",2018,126811000,-0.126880068088791,7.4,11,320601,1.42,84.2109756097561,2.5,12.4912219201068,59.1635617451289,28.3452163347643,69.0229537254226,21.1130318403094,47.9099218851132
"Japan","JP","JPN",2019,126633000,-0.140464977878172,7,11.2,318190,1.36,84.3563414634146,2.5,12.3665590317386,59.0046702146202,28.6287707536412,69.4781102585107,20.9586109542873,48.5194993042234
"Japan","JP","JPN",2020,126261000,-0.294194617750067,6.8,11.1,42001,1.33,84.56,2.4,12.2207528196353,58.861072796091,28.9181743842737,69.8915691054857,20.7620291017674,49.1295400037183
"Japan","JP","JPN",2021,125681593,-0.459952415807642,6.6,11.7,-34996,1.3,84.4456097560976,2.4,12.0482644490059,58.7347384818338,29.2169970691602,70.2569936325802,20.5130132579451,49.7439803746351
"Japan","JP","JPN",2022,125124989,-0.443851919148528,6.3,12.9,175003,1.26,83.9963414634146,2.4,11.8589361787474,58.7384165155584,29.4026473056942,70.2463331657833,20.189404555761,50.0569286100223
"Japan","JP","JPN",2023,124516650,-0.487370782049143,6,13,175003,1.2,84.0412195121951,2.4,11.6492906162775,58.7888993029413,29.5618100807812,70.1001399306642,19.8154590597892,50.2846808708749
"Japan","JP","JPN",2024,123975371,-0.435651699326323,5.7,13.3,153357,1.15,84.0363414634146,2.4,11.4361015985054,58.7831280041029,29.7807703973917,70.1168403833763,19.4547341745535,50.6621062088228
"Japan","JP","JPN",2025,123366734,-0.492142838725375,NA,NA,140579,NA,NA,NA,11.2383980634698,58.7675052627879,29.9940966737423,70.1620638979948,19.1234905837763,51.0385733142186
"Korea, Rep.","KR","KOR",1960,25012374,NA,42.073,12.967,47245,5.994,53.7975609756098,112.9,41.3092292991568,55.5610038138638,3.12976688697938,79.9823503075384,74.3493222987257,5.63302800881276
"Korea, Rep.","KR","KOR",1961,25765673,2.96724397295283,40.851,12.512,-93179,5.803,54.4768536585366,107.2,41.752824484728,55.0788663785965,3.16830913667552,81.5578347540606,75.8055224976801,5.75231225638045
"Korea, Rep.","KR","KOR",1962,26513030,2.85932081160452,38.974,12.097,-94606,5.562,55.0549512195122,102.3,42.2526840711722,54.5326538864019,3.21466204242597,83.3763664076014,77.4814381178259,5.89492828977541
"Korea, Rep.","KR","KOR",1963,27261747,2.78482005271866,37.194,12.037,-80226,5.334,55.0254634146342,97.4,42.7356394654357,54.0151867755957,3.24917375896856,85.1331202424314,79.1178205076315,6.01529973479989
"Korea, Rep.","KR","KOR",1964,27984155,2.61539463516021,35.174,11.75,-102284,5.068,55.392243902439,92.4,43.1171279072514,53.621537077591,3.2613350151576,86.4922301332295,80.4100940359737,6.08213609725585
"Korea, Rep.","KR","KOR",1965,28704674,2.54215095083813,33.754,11.42,-146386,4.887,55.8645853658537,87.3,43.3467992916008,53.3825223124819,3.27067839591727,87.3272293743395,81.2003553547514,6.12687401958811
"Korea, Rep.","KR","KOR",1966,29435571,2.51438743184719,32.787,11.604,-16688,4.782,55.5229756097561,81.9,43.4535276246363,53.2725966534712,3.27387572189256,87.7137709724698,81.5682554781098,6.14551549435999
"Korea, Rep.","KR","KOR",1967,30130983,2.33501369333053,31.529,8.557,-16484,4.615,60.9287317073171,76.5,43.3344270384363,53.3760040094796,3.28956895208404,87.3501022681805,81.1870943432126,6.16300792496789
"Korea, Rep.","KR","KOR",1968,30838302,2.32035109131777,30.743,8.547,-16868,4.51,60.9432682926829,71.1,43.0660324250392,53.6214883646632,3.31247921029764,86.4923935155371,80.3148738231479,6.17751969238914
"Korea, Rep.","KR","KOR",1969,31544266,2.26343403916519,30.318,8.31,-21175,4.447,61.4829024390244,66,42.7072805399821,53.9697123900813,3.32300706993657,85.2891064857102,79.131937489537,6.15716899617313
"Korea, Rep.","KR","KOR",1970,32240827,2.18417394689467,31.2,8,-27999,4.53,62.1634146341463,61.4,42.1464583353115,54.49452905715,3.35901260753845,83.5046578195482,77.3407157533968,6.16394206615139
"Korea, Rep.","KR","KOR",1971,32882704,1.97132365752048,31.2,7.2,-6326,4.54,62.6121951219512,57.2,41.5488374753041,55.0288203741454,3.42234215055042,81.7229589403991,75.5037755256103,6.21918341478878
"Korea, Rep.","KR","KOR",1972,33505406,1.87599936966995,28.4,6.3,25382,4.12,63.009756097561,53.7,40.9796992559523,55.53836035164,3.48194039240769,80.0557308860166,73.7862990883718,6.26943179764485
"Korea, Rep.","KR","KOR",1973,34103149,1.7682927120788,28.3,7.8,35779,4.07,63.4073170731707,50.8,40.2955803293721,56.1740875122789,3.53033215834892,78.0180207549846,71.7333955973475,6.28462515763711
"Korea, Rep.","KR","KOR",1974,34692266,1.712705419969,26.6,7.2,27005,3.77,63.8048780487805,48.3,39.4810993941057,56.9452840081981,3.57361659769625,75.6071706015238,69.3316414593952,6.2755291421287
"Korea, Rep.","KR","KOR",1975,35280725,1.68200005474822,24.8,7.7,-52332,3.43,64.1536585365854,46.2,38.5274911034942,57.8650393089425,3.60746958756324,72.8159183314593,66.5816385385305,6.23427979292885
"Korea, Rep.","KR","KOR",1976,35848523,1.59655859407233,22.2,7.4,-92314,3,64.5024390243902,44.2,37.4808441743626,58.8760092276166,3.64314659802075,69.8484661838381,63.6606387323523,6.18782745148577
"Korea, Rep.","KR","KOR",1977,36411795,1.55903938603208,22.7,6.8,-90737,2.99,64.9,42.4,36.4855823001405,59.8293756938274,3.68504200603214,67.1419718658982,60.9827197216427,6.15925214425555
"Korea, Rep.","KR","KOR",1978,36969185,1.5191967189167,20.3,6.8,-85721,2.64,65.1975609756098,40.4,35.5591870432691,60.7131040811052,3.72770887562569,64.7090906984764,58.5692136471414,6.13987705133494
"Korea, Rep.","KR","KOR",1979,37534236,1.51687486775835,23,6.4,-139566,2.9,65.5463414634146,38.5,34.7553740365617,61.4708575364379,3.77376842700038,62.6787113052672,56.5395940997937,6.13911720547348
"Korea, Rep.","KR","KOR",1980,38123775,1.55846267819582,22.6,7.3,-148341,2.82,66.0463414634146,36.3,34.0313383409577,62.1417170998959,3.82694455914644,60.9224952099484,54.7640794084852,6.15841580146325
"Korea, Rep.","KR","KOR",1981,38723248,1.56020399239876,22.4,6.1,18442,2.57,66.5463414634146,34,33.3396443125236,62.7509354098893,3.90942027758711,59.360176466715,53.1301153947455,6.23006107196945
"Korea, Rep.","KR","KOR",1982,39326352,1.54546853308404,21.6,6.2,48638,2.39,67.0951219512195,31.6,32.7108965892488,63.280177691141,4.00892571961013,58.0273678326804,51.6921688425742,6.3351989901062
"Korea, Rep.","KR","KOR",1983,39910403,1.47421882108841,19.3,6.4,102167,2.06,67.5463414634146,29.3,32.0254353516334,63.8894982495537,4.08506639881297,56.5202437345864,50.1262895043939,6.39395423019249
"Korea, Rep.","KR","KOR",1984,40405956,1.23401831140412,16.7,5.9,101394,1.74,68.1951219512195,26.9,31.175904764782,64.6756912890972,4.14840394612085,54.6175957744494,48.2034342165225,6.41416155792689
"Korea, Rep.","KR","KOR",1985,40805744,0.984565597108821,16.1,5.9,97949,1.66,68.7951219512195,24.6,30.1934060889943,65.5616120872839,4.24498182372178,52.5282787991913,46.0534826424825,6.47479615670882
"Korea, Rep.","KR","KOR",1986,41213674,0.99472386803381,15.4,5.8,189782,1.58,69.4463414634146,22.4,29.1808362881272,66.4478804603363,4.3712832515365,50.4938888897612,43.9153762963057,6.57851259345555
"Korea, Rep.","KR","KOR",1987,41621690,0.985133112424576,15,5.9,198057,1.53,69.9975609756098,20.5,28.2153435162816,67.2899613196101,4.49469516410832,48.6105778656567,41.9309857219312,6.67959214372552
"Korea, Rep.","KR","KOR",1988,42031247,0.979189224150187,15.1,5.6,192534,1.55,70.5487804878049,18.7,27.3367606818138,68.0387045381312,4.62453478005498,46.975167353696,40.1782483485629,6.79691900513317
"Korea, Rep.","KR","KOR",1989,42449038,0.989093268458301,15.1,5.6,186120,1.56,71.0487804878049,17.1,26.5421122185444,68.6986090011694,4.75927878028618,45.5633530587291,38.6355874835174,6.92776557521168
"Korea, Rep.","KR","KOR",1990,42869283,0.985130494218767,15.2,5.6,79294,1.57,71.5975609756098,15.7,25.8266060669951,69.2880858870562,4.88530804594869,44.3249583059879,37.2742380932277,7.05072021276016
"Korea, Rep.","KR","KOR",1991,43295704,0.989785981821526,16.4,5.6,-270754,1.71,72.0463414634146,14.5,25.2086111007974,69.7633471837333,5.02804171546935,43.3417475231863,36.1344648544795,7.2072826687068
"Korea, Rep.","KR","KOR",1992,43747962,1.03916135557339,16.7,5.4,-265849,1.76,72.4975609756098,13.3,24.6760116939931,70.1317606527299,5.19222765327707,42.5887487640646,35.1852156055353,7.40353315852931
"Korea, Rep.","KR","KOR",1993,44194628,1.01582143742509,16,5.2,-222802,1.654,72.9975609756098,12.3,24.2037079470069,70.4308250339316,5.36546701906146,41.9832869213225,34.3652210979013,7.61806582342116
"Korea, Rep.","KR","KOR",1994,44641540,1.00615724501748,16,5.4,-208309,1.656,73.3975609756098,11.4,23.712857729738,70.7256814771708,5.56146079309115,41.3913576183827,33.5279318904839,7.86342572789887
"Korea, Rep.","KR","KOR",1995,45092991,1.00620085457685,15.7,5.3,-208491,1.634,73.7,10.5,23.1361665835196,71.0997662901041,5.76406712637625,40.6474393461891,32.5404273745454,8.10701197164369
"Korea, Rep.","KR","KOR",1996,45524681,0.952779421852704,15,5.2,-115705,1.574,74.1512195121951,9.8,22.5390679679643,71.4917490144521,5.96918301758357,39.8762830570062,31.5268104534232,8.34947260358299
"Korea, Rep.","KR","KOR",1997,45953580,0.937713808920155,14.5,5.3,-109130,1.537,74.6024390243903,9.1,22.0014833417685,71.7888179469139,6.20969871131759,39.2974595699024,30.6475066090662,8.64995296083618
"Korea, Rep.","KR","KOR",1998,46286503,0.72186501759031,13.7,5.2,-98044,1.464,75.0048780487805,8.5,21.5566133262342,71.9727870188058,6.47059965496004,38.9414008404834,29.95105975364,8.99034108684341
"Korea, Rep.","KR","KOR",1999,46616677,0.710794593061376,13.2,5.3,-107448,1.425,75.409756097561,8,21.2162714874843,72.0254282636769,6.75830024883881,38.8398558118882,29.4566414841901,9.3832143276981
"Korea, Rep.","KR","KOR",2000,47008111,0.836180864297766,13.5,5.2,-84960,1.48,75.909756097561,7.6,20.9800973389997,71.9288522650783,7.091050395922,39.0262683255652,29.1678451053231,9.85842322024216
"Korea, Rep.","KR","KOR",2001,47370164,0.767241774760276,11.7,5.1,-28006,1.309,76.4121951219512,7.2,20.758511043446,71.7965520739245,7.44493688262949,39.2824564341745,28.9129649083521,10.3694915258224
"Korea, Rep.","KR","KOR",2002,47644736,0.577957276814842,10.3,5.1,-18105,1.178,76.7658536585366,6.8,20.4706343324079,71.7132996162159,7.81606605137616,39.4441496233333,28.5451028886654,10.8990467346679
"Korea, Rep.","KR","KOR",2003,47892330,0.518321452985646,10.2,5.1,-31994,1.191,77.2146341463415,6.4,20.1292286327988,71.6695478603689,8.20122350683224,39.5292757742813,28.0861680861116,11.4431076881698
"Korea, Rep.","KR","KOR",2004,48082519,0.396331436697806,9.8,5.1,-42549,1.164,77.6658536585366,6,19.7278636087447,71.6712725919643,8.60086379929101,39.525917627204,27.5254834016529,12.0004342255512
"Korea, Rep.","KR","KOR",2005,48184561,0.211997784117548,9,5.1,-47821,1.085,78.1682926829268,5.6,19.2448382755669,71.7547677149818,9.00039400945138,39.3635610064232,26.820292398608,12.5432686078152
"Korea, Rep.","KR","KOR",2006,48438292,0.525199940498775,9.2,5,-28434,1.132,78.6682926829268,5.2,18.696438457549,71.8829906793385,9.42057086311249,39.1149684167156,26.009543152334,13.1054252643816
"Korea, Rep.","KR","KOR",2007,48683638,0.505234032920336,10.1,5,-42293,1.259,79.119512195122,4.8,18.1120356536962,72.0308608564695,9.85710348983429,38.8293844819969,25.144827463487,13.6845570185099
"Korea, Rep.","KR","KOR",2008,49054708,0.759316681850927,9.4,5,-19630,1.192,79.5170731707317,4.5,17.5160034868534,72.2358484516236,10.248148061523,38.4354178916179,24.2483515984229,14.187066293195
"Korea, Rep.","KR","KOR",2009,49307835,0.514682827535803,9,5,5308,1.149,79.9682926829268,4.3,16.9408709284412,72.4459917568215,10.6131373147372,38.033861912487,23.3841392660733,14.6497226464137
"Korea, Rep.","KR","KOR",2010,49554112,0.49822508440111,9.4,5.1,52042,1.226,80.1170731707317,4.1,16.3887244099558,72.619581168145,10.9916944218993,37.7039074846602,22.5679138622534,15.1359936224068
"Korea, Rep.","KR","KOR",2011,49936638,0.768971758582589,9.4,5.1,269958,1.244,80.5682926829269,4,15.7923959857753,72.8572203956821,11.3503836185426,37.2547574179042,21.6758158591096,15.5789415587946
"Korea, Rep.","KR","KOR",2012,50199853,0.525713660600414,9.6,5.3,281866,1.297,80.819512195122,3.8,15.1880390437584,73.1085643578894,11.7033965983522,36.7828795943106,20.7746364126029,16.0082431817077
"Korea, Rep.","KR","KOR",2013,50428893,0.455218622164662,8.6,5.3,301926,1.187,81.2707317073171,3.7,14.6611848821691,73.2416718608572,12.0971432569738,36.5342930887925,20.0175448932345,16.516748195558
"Korea, Rep.","KR","KOR",2014,50746659,0.628149861433639,8.6,5.3,308037,1.205,81.7219512195122,3.6,14.1995085365218,73.275082277705,12.5254091857732,36.4720410483292,19.3783586434146,17.0936824049145
"Korea, Rep.","KR","KOR",2015,51014947,0.527288497407793,8.6,5.4,276427,1.239,82.0243902439024,3.5,13.7638350874668,73.2814791976092,12.954685714924,36.4601267455493,18.782146337194,17.6779804083552
"Korea, Rep.","KR","KOR",2016,51217803,0.396851823381145,7.9,5.5,91568,1.172,82.2756097560976,3.4,13.3553842297333,73.2815119171004,13.3631038531662,36.4600654674078,18.2247653942458,18.2353000731619
"Korea, Rep.","KR","KOR",2017,51361911,0.280968018301691,7,5.6,104029,1.052,82.6268292682927,3.3,13.0157834990204,73.1104702951829,13.8737462057967,36.7793132181662,17.8028989158326,18.9764143023336
"Korea, Rep.","KR","KOR",2018,51585058,0.433519027613049,6.4,5.8,118220,0.977,82.6268292682927,3.2,12.7122160201177,72.8334079576546,14.4543760222277,37.299629534955,17.4538254825058,19.8458040524492
"Korea, Rep.","KR","KOR",2019,51764822,0.347874968577526,5.9,5.7,128622,0.918,83.2268292682927,3.1,12.4104062587422,72.5261052970989,15.0634884441589,37.8813882499402,17.1116412112838,20.7697470386564
"Korea, Rep.","KR","KOR",2020,51836239,0.137869266247028,5.3,5.9,112631,0.837,83.4268292682927,3.1,12.1146595856263,72.0631744683847,15.822165945989,38.7671326866112,16.8111660178752,21.955966668736
"Korea, Rep.","KR","KOR",2021,51769539,-0.128757315474928,5.1,6.2,-16778,0.808,83.5268292682927,3,11.799988611027,71.5403701724822,16.6596412164908,39.7812162829152,16.4941683956095,23.2870478873057
"Korea, Rep.","KR","KOR",2022,51672569,-0.187486566698935,4.9,7.3,87800,0.778,82.6804878048781,2.9,11.4142590399463,71.1010946234232,17.4846463366305,40.6448114715604,16.0535634389793,24.5912480325812
"Korea, Rep.","KR","KOR",2023,51712619,0.077477253324535,4.5,6.9,87800,0.721,83.4292682926829,2.9,10.970817085997,70.6941593301433,18.3350235838597,41.4544025774417,15.5187042021483,25.9356983752934
"Korea, Rep.","KR","KOR",2024,51751065,0.0743178674548815,4.7,7,75963,0.748,83.6292682926829,2.8,10.568126821068,70.1583600473263,19.2735131316057,42.5346866514455,15.0632459523254,27.47144069912
"Korea, Rep.","KR","KOR",2025,51684564,-0.128584337535563,NA,NA,65731,NA,NA,NA,10.2044670479846,69.465114111118,20.3304188408974,43.9571507924701,14.6900594581344,29.2670913343357
"Mexico","MX","MEX",1960,36724615,NA,46.858,13.993,-85591,6.763,53.573,154.7,46.7969840772597,50.4201031163989,2.78291280634137,98.3335861696774,92.8141354760318,5.51945069364557
"Mexico","MX","MEX",1961,37890118,3.12431006208309,46.753,13.345,-56174,6.777,54.422,148.1,46.9811878126112,50.2857051012615,2.73310708612731,98.863672685165,93.4285181794893,5.43515450567573
"Mexico","MX","MEX",1962,39129200,3.21786520378848,46.793,12.846,-59833,6.8,55.057,142.3,47.1230238910708,50.1750604385592,2.70191567037001,99.3021988376772,93.9172214270798,5.38497741059741
"Mexico","MX","MEX",1963,40424065,3.2556284602266,46.79,12.462,-66515,6.817,55.501,136.8,47.2230853975607,50.095843281667,2.68107132077231,99.6173628111831,94.2654790117673,5.35188379941588
"Mexico","MX","MEX",1964,41772049,3.28021557071982,46.754,12.105,-72581,6.833,55.916,131.8,47.3050675584528,50.0282102513094,2.66672219023778,99.8872226216262,94.5567879655129,5.33043465611321
"Mexico","MX","MEX",1965,43174477,3.30220788165866,46.542,11.606,-78288,6.819,56.688,127.2,47.3998237430878,49.9374618944429,2.66271436246929,100.25046569523,94.9183677842517,5.33209791097853
"Mexico","MX","MEX",1966,44629106,3.31367366037443,46.261,11.168,-87018,6.79,57.355,122.8,47.4887341458285,49.8436502402714,2.66761561390004,100.627360807201,95.2753938846313,5.35196692256946
"Mexico","MX","MEX",1967,46129608,3.30687527382857,45.908,10.778,-98680,6.753,57.959,118.6,47.557958871014,49.7654684167271,2.6765727122589,100.942543099558,95.5641720016574,5.37837109790049
"Mexico","MX","MEX",1968,47668303,3.28116698641116,45.614,10.54,-116358,6.707,58.22,114.6,47.6192229876528,49.6929573935116,2.6878196188356,101.235754791815,95.8269006944084,5.4088540974063
"Mexico","MX","MEX",1969,49233194,3.23014011303745,45.098,10.339,-137051,6.626,58.413,110.7,47.6743104222967,49.6284869272191,2.69720265048417,101.497178751845,96.0623915610942,5.43478719075126
"Mexico","MX","MEX",1970,50814953,3.16225908612736,44.518,10.013,-164100,6.529,58.893,106.9,47.7205371025336,49.574659647919,2.70480324954743,101.715958738201,96.2599409162037,5.45601782199756
"Mexico","MX","MEX",1971,52412558,3.09555574369582,43.854,9.683,-185062,6.419,59.415,103.1,47.7501412924742,49.5356236953747,2.7142350121511,101.874914685916,96.395555070761,5.47935961515529
"Mexico","MX","MEX",1972,54030168,3.03963381322988,43.039,9.293,-193965,6.281,60.051,99.4,47.7449551887383,49.5269198496662,2.72812496159553,101.910399746961,96.4020299648596,5.50836978210113
"Mexico","MX","MEX",1973,55667284,2.98500562726971,42.125,8.971,-200688,6.121,60.518,95.7,47.697469846023,49.5559106134943,2.7466195404827,101.792272504996,96.2498083296751,5.54246417532098
"Mexico","MX","MEX",1974,57320149,2.92595888908101,41.176,8.573,-207995,5.947,61.18,92.1,47.6045827479916,49.6266517937117,2.76876545829665,101.504626069449,95.9254372950134,5.57918877443567
"Mexico","MX","MEX",1975,58982400,2.85868919208384,40.06,8.182,-216556,5.739,61.883,88.6,47.4558648003472,49.7489225599501,2.79521263970269,101.009374977955,95.3907372255612,5.61863775239359
"Mexico","MX","MEX",1976,60645512,2.78065399816892,39.056,7.859,-229450,5.543,62.475,85.2,47.2470398736764,49.9279200571999,2.82504006912366,100.288734356631,94.6304974037654,5.65823695286539
"Mexico","MX","MEX",1977,62308493,2.70521064388125,38.125,7.584,-239521,5.361,62.988,81.8,46.9786338198018,50.1650116127427,2.85635456745556,99.3421230907075,93.6482068068903,5.6939162838172
"Mexico","MX","MEX",1978,63979046,2.64578827608807,37.383,7.351,-243714,5.202,63.435,78.5,46.6529162793947,50.4586575856519,2.88842613495342,98.182044476208,92.4577040128405,5.72434046336756
"Mexico","MX","MEX",1979,65648865,2.57646884468688,36.18,7.116,-246034,4.964,63.862,75.1,46.2629198062836,50.8162681044351,2.92081208928127,96.7873763017081,91.0395867807316,5.74778952097647
"Mexico","MX","MEX",1980,67300334,2.48448875438519,35.026,6.896,-252177,4.739,64.282,71.8,45.803018259887,51.2441695219212,2.95281221819187,95.144150356867,89.3819113634138,5.76223899345319
"Mexico","MX","MEX",1981,68892108,2.3376429152144,34.344,6.701,-361791,4.574,64.722,68.5,45.1652103605249,51.8106297458629,3.0241598936122,93.0105886418609,87.173638513637,5.83695012822386
"Mexico","MX","MEX",1982,70433260,2.21239661362638,33.856,6.571,-382048,4.425,65.256,65.4,44.4019838383314,52.4642239509021,3.13379221076656,90.6060800660571,84.6328816181028,5.97319844795432
"Mexico","MX","MEX",1983,71971240,2.16009999927553,33.416,6.472,-402937,4.296,65.756,62.4,43.6663262992273,53.0897300088202,3.24394369195251,88.3603502463285,82.2500453226917,6.11030492363686
"Mexico","MX","MEX",1984,73506846,2.11119499659794,33.072,6.402,-425467,4.184,66.215,59.5,42.9556136651842,53.6883132375975,3.35607309721823,86.260273958024,80.0092442373524,6.25102972067159
"Mexico","MX","MEX",1985,75043414,2.06882546602699,32.747,6.314,-445447,4.087,66.775,56.9,42.2758531481524,54.2517901704205,3.4723566814271,84.3257170205781,77.9252706700257,6.40044635055246
"Mexico","MX","MEX",1986,76585637,2.03427532389064,32.309,6.22,-451756,3.971,67.377,54.3,41.6163372774454,54.7869530679754,3.59670965457923,82.5252079193522,75.9603061440761,6.56490177527615
"Mexico","MX","MEX",1987,78136651,2.00496770997912,31.376,6.148,-415521,3.803,67.904,51.8,40.9588052408261,55.3124087396093,3.72878601956453,80.7912601195615,74.0499398601513,6.74132025941025
"Mexico","MX","MEX",1988,79695531,1.97542817137593,30.428,6.128,-374544,3.64,68.299,49.4,40.3131814254428,55.8237249212882,3.86309365326896,79.135305178937,72.2151405738055,6.92016460513151
"Mexico","MX","MEX",1989,81247182,1.92826260803177,29.882,6.155,-386467,3.532,68.621,47.1,39.6817525294708,56.3205174077331,3.99773006279609,77.555188087948,70.4570109993845,7.09817708856343
"Mexico","MX","MEX",1990,82820170,1.91754932281513,29.42,6.159,-321764,3.444,69.034,44.9,39.0379849498015,56.8638068480178,4.0982082021807,75.8587871701319,68.6517279300701,7.20705924006185
"Mexico","MX","MEX",1991,84430572,1.92579327419213,29.075,6.064,-326691,3.363,69.368,42.7,38.4050647056787,57.4347805115262,4.16015478279506,74.1105276579391,66.8672612024198,7.2432664555193
"Mexico","MX","MEX",1992,86044809,1.89386319441602,28.701,5.961,-344313,3.285,69.663,40.7,37.8325588473327,57.9450318728699,4.22240927979746,72.5773492012185,65.2904271937178,7.28692200750072
"Mexico","MX","MEX",1993,87653807,1.8526849091274,28.277,5.874,-358039,3.211,69.961,38.7,37.3341158055228,58.3729143768227,4.29296981765453,71.3123295232963,63.9579438581989,7.35438566509744
"Mexico","MX","MEX",1994,89259205,1.81495080594105,27.744,5.788,-354573,3.132,70.302,36.9,36.886517401127,58.7420958921945,4.37138670667852,70.2356684550153,62.7940091158331,7.4416593391822
"Mexico","MX","MEX",1995,90862455,1.78023269604442,27.062,5.695,-340091,3.044,70.703,35.1,36.4607814991395,59.0813348543209,4.45788364653962,69.2581943127318,61.7128600581591,7.54533425457276
"Mexico","MX","MEX",1996,92452702,1.73503044582092,26.417,5.622,-343399,2.964,71.088,33.4,36.0380963444525,59.4079578149703,4.55394584057724,68.3276181298531,60.6620695240293,7.66554860582378
"Mexico","MX","MEX",1997,94021207,1.68231791926668,25.752,5.561,-340546,2.886,71.472,31.8,35.6072210389726,59.7324356833666,4.66034327766075,67.4132301084894,59.6111988932137,7.80203121527571
"Mexico","MX","MEX",1998,95575245,1.63934798033611,25.117,5.534,-321385,2.815,71.792,30.2,35.1819139987556,60.0440699890437,4.77401601220065,66.544339879437,58.5934855549054,7.95085432453161
"Mexico","MX","MEX",1999,97115707,1.5989280275378,24.64,5.493,-328773,2.763,72.203,28.8,34.7553158149552,60.3510735928179,4.89361059222691,65.6971363362102,57.5885629935944,8.10857334261588
"Mexico","MX","MEX",2000,98625552,1.54272528221216,24.192,5.481,-356433,2.714,72.562,27.4,34.3200781274208,60.6658176169194,5.01410425565983,64.8374720830817,56.5723494642449,8.26512261883683
"Mexico","MX","MEX",2001,100099099,1.48303091731143,23.779,5.433,-378348,2.671,72.912,26.2,33.8795595259076,60.9776804235886,5.14276005050375,63.9944301026757,55.5605908433369,8.43383925933879
"Mexico","MX","MEX",2002,101548624,1.43770526775457,23.379,5.45,-379812,2.633,73.106,25,33.4366958039727,61.2816590208056,5.28164517522168,63.180962136667,54.5623227230954,8.61863941357158
"Mexico","MX","MEX",2003,102978515,1.398263627903,22.832,5.469,-369183,2.579,73.308,23.9,32.9986287285332,61.5824171596259,5.41895411184093,62.3840117468188,53.5844974110036,8.79951433581514
"Mexico","MX","MEX",2004,104394131,1.3653083154997,22.369,5.517,-346912,2.536,73.432,23,32.5469201903697,61.9011072566905,5.55197255293978,61.5479972392309,52.5788974605099,8.96909977872096
"Mexico","MX","MEX",2005,105811504,1.34857895792648,21.912,5.537,-310278,2.495,73.627,22.1,32.0692922954767,62.2531298676182,5.67757783690514,60.6344937397539,51.5143460838206,9.12014765593337
"Mexico","MX","MEX",2006,107253666,1.35374920696209,21.482,5.575,-244140,2.456,73.746,21.3,31.5812288019191,62.6279145676378,5.79085663044309,59.6732082754969,50.4267617501396,9.24644652535731
"Mexico","MX","MEX",2007,108774360,1.40789058424163,21.11,5.62,-105524,2.421,73.796,20.7,31.1034912087738,63.016397890091,5.88011090113516,58.6888542638054,49.357773559569,9.33108070423633
"Mexico","MX","MEX",2008,110374288,1.46015632826518,20.82,5.682,-50347,2.391,73.695,20,30.6450452482194,63.4037381061067,5.95121664567386,57.7194070815135,48.3331833887804,9.38622369273309
"Mexico","MX","MEX",2009,111999721,1.4619172053372,20.567,5.735,-30809,2.364,73.628,19.5,30.2004247849867,63.7777486070702,6.02182660794307,56.7944957043171,47.3526030422044,9.44189266211272
"Mexico","MX","MEX",2010,113623895,1.43974472572946,20.331,5.733,-40845,2.34,73.718,18.9,29.7720329865474,64.1304656912175,6.09750132223508,55.9321268636884,46.4241639688831,9.50796289480529
"Mexico","MX","MEX",2011,115243504,1.41534883852036,20.095,5.698,-37826,2.317,73.921,18.4,29.3751716772477,64.4415301032565,6.18329821949573,55.1794320737435,45.5842243816667,9.59520769207681
"Mexico","MX","MEX",2012,116818208,1.35716327923769,19.855,5.674,-128485,2.294,74.128,17.9,29.0183118156619,64.6984476739343,6.28324051040382,54.5632141554873,44.8516356279204,9.71157852756685
"Mexico","MX","MEX",2013,118343573,1.29730808025224,19.557,5.677,-120058,2.269,74.289,17.5,28.6828647635981,64.9234762415024,6.39365899489954,54.027488950612,44.1794959811545,9.84799296945748
"Mexico","MX","MEX",2014,119784261,1.21002702971431,18.959,5.705,-228816,2.211,74.404,17,28.3445326761251,65.1410033743916,6.51446394948331,53.513139465276,43.5125819778807,10.0005574873953
"Mexico","MX","MEX",2015,121072306,1.06956376155677,18.227,5.768,-291044,2.137,74.431,16.6,27.9777528149171,65.3713988069245,6.65084837815842,52.97209888579,42.7981559803029,10.1739429054871
"Mexico","MX","MEX",2016,122251351,0.969124204799117,17.69,5.868,-304472,2.086,74.376,16.2,27.5802572831292,65.6181532325894,6.8015894842814,52.3968518760979,42.0314436669112,10.3654082091867
"Mexico","MX","MEX",2017,123400057,0.935239396499786,17.214,5.997,-227499,2.041,74.261,15.8,27.1658495783116,65.8682302477857,6.96592017390268,51.8182577831981,41.2427197089067,10.5755380742914
"Mexico","MX","MEX",2018,124573711,0.9466023549862,17.037,6.071,-175356,2.03,74.301,15.4,26.7483787169189,66.1073972501309,7.14422403295026,51.2690018964587,40.4620055085679,10.8069963878908
"Mexico","MX","MEX",2019,125762982,0.950144329831411,16.877,6.083,-169628,2.02,74.53,15,26.3467733838135,66.3185850415085,7.33464157467799,50.7872946012451,39.7275869581195,11.0597076431255
"Mexico","MX","MEX",2020,126799054,0.820454117563552,16.565,8.429,-147456,1.99,70.449,14.6,25.9842947015035,66.5296254239814,7.48607987451515,50.3089773441429,39.0567277899285,11.2522495542144
"Mexico","MX","MEX",2021,127648148,0.66740537533078,16.353,9.015,-122791,1.97,69.75,14.2,25.6612568545109,66.7529844097424,7.58575873574664,49.8060368026137,38.4421117369035,11.3639250657102
"Mexico","MX","MEX",2022,128613117,0.753116988604166,16.041,6.521,-108438,1.94,73.973,13.8,25.3113209855908,66.943409174418,7.74526983999124,49.3799037503831,37.8100270732173,11.5698766771657
"Mexico","MX","MEX",2023,129739759,0.872178517508623,15.706,6.161,-101044,1.91,75.069,13.4,24.9179721383635,67.0953820717364,7.98664578990007,49.0415538480472,37.1381328624405,11.9034209856067
"Mexico","MX","MEX",2024,130861007,0.860515443690537,15.464,6.219,-104581,1.892,75.264,13.1,24.5094927322392,67.2419370882573,8.24857017950351,48.7167150891959,36.4497124764113,12.2670026127846
"Mexico","MX","MEX",2025,131946900,0.826382426690595,NA,NA,-108037,NA,NA,NA,24.0910608737303,67.3875047462275,8.52143438004228,48.3954637764632,35.7500412412995,12.6454225351637
"Niger","NE","NER",1960,3505050,NA,57.613,27.633,-3641,7.53,36.193,NA,48.9698647622523,49.9114634472352,1.11867179051252,100.354745738878,98.1134340370705,2.2413117018078
"Niger","NE","NER",1961,3608162,2.89937156940821,57.41,27.563,-2893,7.512,36.287,NA,48.8654543690868,49.9574922138346,1.17705341707864,100.170203606341,97.8140930583225,2.356110548019
"Niger","NE","NER",1962,3714520,2.90509624858582,57.242,27.553,-2369,7.501,36.319,NA,48.8230107793201,49.9432497334784,1.23373948720158,100.227312910209,97.7570031997378,2.47030971047116
"Niger","NE","NER",1963,3823873,2.90143194405961,57.026,27.456,-2289,7.489,36.437,NA,48.8136112261051,49.8986106494646,1.28777812443039,100.406381350691,97.8255924866094,2.58078886408184
"Niger","NE","NER",1964,3935814,2.88539386352651,56.76,27.443,-2289,7.48,36.464,NA,48.7909805685661,49.87038892976,1.33863050167392,100.519766089975,97.8355476802088,2.68421840976643
"Niger","NE","NER",1965,4049695,2.85238476647929,56.382,27.5,-2289,7.466,36.404,NA,48.7335899699126,49.8802687757635,1.38614125432394,100.480049742599,97.7011374758106,2.77891226678825
"Niger","NE","NER",1966,4165544,2.8205309694033,56.222,27.579,-2289,7.481,36.331,NA,48.6382330855226,49.931269481249,1.43049743322841,100.275300505936,97.4103674728077,2.86493303312789
"Niger","NE","NER",1967,4283590,2.79445637221781,55.999,27.668,-2289,7.49,36.243,321.1,48.5289091626416,49.9997198611445,1.47137097621388,100.0011205617,97.0583387766174,2.9427817850828
"Niger","NE","NER",1968,4403637,2.76393473383356,55.785,27.785,-2277,7.497,36.128,324.8,48.4074413944655,50.0835218706719,1.50903673486257,99.6664697344862,96.6534073725786,3.01306236190754
"Niger","NE","NER",1969,4525725,2.73469949171708,55.62,27.914,-2245,7.506,36.003,328.8,48.2760220738114,50.1790983765032,1.54487954968541,99.2861634333905,96.2074322491554,3.07873118423509
"Niger","NE","NER",1970,4650275,2.71485723231712,55.581,28.016,-2225,7.514,35.919,332.9,48.1388141710774,50.2817951929504,1.57939063597213,98.8791151642987,95.7380373802198,3.14107778407881
"Niger","NE","NER",1971,4776225,2.67241278978744,55.501,28.655,-2277,7.518,35.294,337.1,47.9969327240656,50.3909258881229,1.6121413878115,98.4484274450886,95.2491789873956,3.19924845769292
"Niger","NE","NER",1972,4904845,2.65730065768783,55.478,28.196,-2525,7.523,35.813,340.9,47.8515529033028,50.5043482515757,1.64409884512151,98.0027935216135,94.7474123593147,3.25538116229876
"Niger","NE","NER",1973,5037865,2.67588891133571,55.462,28.13,-2942,7.529,35.938,343.5,47.7048762020344,50.6189972717612,1.6761265262044,97.5542690786344,94.243009242321,3.31125983631339
"Niger","NE","NER",1974,5174953,2.68478757609532,55.503,27.946,-3179,7.539,36.195,344.6,47.5586592227351,50.7333640775709,1.70797669969402,97.1089285251776,93.7423536276752,3.36657489750243
"Niger","NE","NER",1975,5317019,2.70825509749018,55.483,27.655,-3254,7.539,36.568,343.5,47.4136259434093,50.846583395696,1.73979066089476,96.6700486735271,93.2484021774551,3.42164649607198
"Niger","NE","NER",1976,5464962,2.74443603054066,55.488,27.219,-3308,7.563,37.101,340.8,47.2731509636436,50.9549243851032,1.77192465125326,96.2519037285248,92.7744681859626,3.47743554256218
"Niger","NE","NER",1977,5619716,2.79239605560001,55.539,26.749,-3476,7.595,37.689,336.6,47.1453895534935,51.0500352686862,1.80457517782037,95.8862505651186,92.3513359106574,3.53491465446115
"Niger","NE","NER",1978,5782932,2.86296916832524,56.015,26.339,-3494,7.662,38.267,331.8,47.0449032562632,51.1179838256801,1.83711291805671,95.6258850289467,92.0320163132865,3.5938687156602
"Niger","NE","NER",1979,5955556,2.94137448632528,56.258,25.928,-3495,7.722,38.889,327.6,46.9790097665952,51.1518782756705,1.86911195773425,95.4962268319208,91.8421837860621,3.65404304585871
"Niger","NE","NER",1980,6135971,2.98437724803892,56.54,25.697,-5564,7.782,39.344,325,46.9506619245756,51.1490601894957,1.90027788592873,95.5069823341911,91.7918223146658,3.7151600195253
"Niger","NE","NER",1981,6322006,2.98682250119376,56.596,25.603,-7559,7.822,39.637,324.5,46.9542104199205,51.1156348159113,1.93015476416821,95.6348594815961,91.8587890456978,3.77607043589825
"Niger","NE","NER",1982,6512732,2.97224673856301,56.58,25.562,-8935,7.862,39.844,326.5,46.9732748100183,51.0679696324062,1.95875555757553,95.8174580266513,91.9818877182855,3.83557030836581
"Niger","NE","NER",1983,6708644,2.96378138778661,56.559,25.56,-9209,7.902,39.979,330.2,46.9999710075517,51.0138823146587,1.98614667778963,96.0250880976174,92.1317285833669,3.89335951425048
"Niger","NE","NER",1984,6909971,2.95685968313407,56.479,25.638,-9208,7.921,39.989,334.5,47.0268616177984,50.9610460014955,2.01209238070608,96.2283391828177,92.2800437213341,3.94829546148357
"Niger","NE","NER",1985,7118457,2.97255475004147,56.388,25.594,-6126,7.932,40.12,338.5,47.0407069959122,50.9227772254577,2.03651577863012,96.3758056738418,92.3765681742694,3.9992374995724
"Niger","NE","NER",1986,7335811,3.00769828085259,56.097,25.512,-2728,7.904,40.251,341.3,47.0284471614659,50.9116306295241,2.05992220901002,96.418772613441,92.3726986937119,4.04607391972916
"Niger","NE","NER",1987,7561150,3.02553237615271,55.936,25.336,-2338,7.871,40.468,342.1,46.9977481598532,50.9198436031453,2.08240823700153,96.3870792800028,92.2974988351031,4.08958044489973
"Niger","NE","NER",1988,7793748,3.02985788052672,55.477,25.03,-1139,7.841,40.791,341,46.9520603596588,50.9439392354013,2.10400040493993,96.2941909238317,92.1641721501032,4.13001877372847
"Niger","NE","NER",1989,8034780,3.04577447727581,55.163,24.636,613,7.818,41.188,337.7,46.8883001844294,50.9875098641463,2.12418995142431,96.1264753825853,91.9603762411716,4.16609914141362
"Niger","NE","NER",1990,8286059,3.07948454709256,55.093,24.126,73,7.806,41.732,332.4,46.8250077132562,51.0325565487431,2.14243573800068,95.9533300477606,91.7551674459654,4.19816260179521
"Niger","NE","NER",1991,8546900,3.0994180029753,54.791,23.607,-1500,7.798,42.289,325.4,46.7737456403055,51.0675361202579,2.15871823943662,95.8191083859086,91.5919362905644,4.22717209534421
"Niger","NE","NER",1992,8817633,3.11848225510655,54.524,22.918,-2258,7.795,43.064,316.7,46.7334801338704,51.0936522821004,2.17286758402921,95.7190176529565,91.4663134196075,4.25270423334904
"Niger","NE","NER",1993,9100789,3.16076464061933,54.327,22.227,-2269,7.79,43.838,306.4,46.7003794945691,51.1142495447373,2.18537096069363,95.6401607979707,91.3646975364375,4.27546326153317
"Niger","NE","NER",1994,9398258,3.21632398923127,54.106,21.544,-959,7.786,44.586,294.3,46.6752430782788,51.1275573022385,2.19719961948269,95.5892281117979,91.291752512955,4.2974755988429
"Niger","NE","NER",1995,9714529,3.3098246971535,54.092,20.778,3843,7.776,45.504,281.8,46.6630470022297,51.1285493680934,2.20840362967693,95.585433805969,91.2661182089908,4.31931559697824
"Niger","NE","NER",1996,10044852,3.34376645351566,54.082,20.112,-8057,7.78,46.313,269.4,46.6990975426565,51.0822434756751,2.21865898166837,95.7627316835882,91.4194244705266,4.34330721306159
"Niger","NE","NER",1997,10383969,3.32029101351841,54.021,19.473,-13680,7.802,47.097,257.9,46.8053474155524,50.9662802842401,2.22837230020755,96.2081490491038,91.8359102420619,4.37223880704182
"Niger","NE","NER",1998,10741413,3.38434700775298,53.991,18.882,-7298,7.84,47.807,247.2,46.9484716279167,50.8141829577814,2.23734541430189,96.7954591299157,92.3924559938778,4.40300313603794
"Niger","NE","NER",1999,11117411,3.4405793301062,53.767,18.308,-12037,7.84,48.48,237.5,47.1220457712681,50.6330025938593,2.24495163487254,97.4996264930728,93.0658638828839,4.43376261018899
"Niger","NE","NER",2000,11509630,3.46716382832898,53.39,17.7,-8522,7.829,49.172,227.9,47.3201571206025,50.4281110687311,2.25173181066637,98.3020935757532,93.8368622534906,4.46523132226263
"Niger","NE","NER",2001,11920647,3.50878624306039,53.015,17.076,-8654,7.81,49.872,217.4,47.5318308002984,50.2096635270861,2.25850567261552,99.1648395565348,94.6666985224007,4.49814103413403
"Niger","NE","NER",2002,12349144,3.53148102432579,52.581,16.403,-9550,7.797,50.645,205.9,47.7587312934403,49.9755529614036,2.2657157451561,100.09783599039,95.5641959163277,4.5336400740624
"Niger","NE","NER",2003,12796984,3.5622769230714,52.178,15.662,-8841,7.789,51.545,194.1,47.9964380669695,49.7292682400791,2.2742936929514,101.088806817637,96.5154567669524,4.57335005068475
"Niger","NE","NER",2004,13265836,3.59824904350361,51.776,14.965,-9070,7.777,52.402,182.4,48.2409684455255,49.4740870656743,2.28494448880024,102.126021479622,97.5075539173181,4.61846756230353
"Niger","NE","NER",2005,13756192,3.62970414217364,51.417,14.258,-9700,7.769,53.32,171.4,48.4805950833121,49.2218540284206,2.29755088826729,103.161797729245,98.4940451655008,4.66775256374452
"Niger","NE","NER",2006,14268581,3.65709371425878,50.967,13.586,-10054,7.744,54.223,161.6,48.7072470626196,48.9805503434434,2.31220259393699,104.162685909184,99.4420238354666,4.72066207371793
"Niger","NE","NER",2007,14803610,3.68110827846052,50.594,12.981,-10069,7.726,55.063,153.1,48.9176643034255,48.7528599021745,2.32947579440001,105.116178985624,100.338040479229,4.77813850639509
"Niger","NE","NER",2008,15361915,3.70203244818704,50.172,12.434,-9847,7.702,55.852,146,49.1044654622964,48.5458306645308,2.34970387317284,105.99092009742,101.150736922448,4.84018317497297
"Niger","NE","NER",2009,15943675,3.71708044318123,49.8,12,-9014,7.679,56.487,140.3,49.2617088199017,48.3666673973639,2.37162378273441,106.753966582566,101.850540185574,4.90342639699231
"Niger","NE","NER",2010,16548835,3.72535077368531,49.353,11.605,-8033,7.64,57.08,136,49.3812509877962,48.2256983112617,2.39305070094211,107.358330771975,102.3961409339,4.96218983807495
"Niger","NE","NER",2011,17176283,3.72138303234104,48.823,11.261,-6941,7.592,57.6,132.7,49.4536128683953,48.1350185019658,2.4113686296389,107.748947211758,102.739360026183,5.00958718557412
"Niger","NE","NER",2012,17836769,3.77324639644684,48.217,10.99,18714,7.527,57.987,130.3,49.4502634011164,48.127986404713,2.42175019417053,107.77930818857,102.747412248013,5.0318959405569
"Niger","NE","NER",2013,18519898,3.75837207594511,47.796,10.751,-2543,7.445,58.364,128.3,49.4002059460531,48.1725183321064,2.42727572184048,107.587243447039,102.548528549176,5.03871489786304
"Niger","NE","NER",2014,19215909,3.6892808045974,47.2,10.532,3891,7.342,58.693,126.8,49.3246975722044,48.241566402089,2.43373602570662,107.29012934659,102.245229397237,5.04489994935305
"Niger","NE","NER",2015,19939498,3.69640590007582,46.577,10.386,17051,7.215,58.85,125.4,49.1922991240803,48.3639658330415,2.44373504287821,106.76550873684,101.712712728075,5.05279600876525
"Niger","NE","NER",2016,20685753,3.67426137513091,45.881,10.156,14833,7.043,59.228,124.3,49.0136097773765,48.52866249228,2.45772773034349,106.063782914591,100.999300793274,5.0644821213169
"Niger","NE","NER",2017,21435446,3.56007044831691,45.057,9.957,-6830,6.874,59.524,123.1,48.8152696049509,48.711024050747,2.47370634430218,105.292342759729,100.214012934058,5.07832982567035
"Niger","NE","NER",2018,22188069,3.45088050525461,44.181,9.769,-3830,6.706,59.765,121.9,48.5876170657302,48.9209628832505,2.49142005101931,104.411348645466,99.3186033187537,5.09274532671213
"Niger","NE","NER",2019,22947757,3.36654855482346,43.366,9.573,-15778,6.537,60.031,120.8,48.3222707055363,49.1669828740346,2.5107464204291,103.388518016932,98.2819479699931,5.10657004693904
"Niger","NE","NER",2020,23717613,3.29977391625444,42.6,9.526,-4402,6.369,59.89,119.5,48.0192473833845,49.4543791262978,2.52637349031765,102.206558256442,97.0980693126791,5.10848894376335
"Niger","NE","NER",2021,24502140,3.25425239869281,41.932,9.55,-4405,6.2,59.542,118,47.681035207537,49.7819108861512,2.53705390631186,100.876178117822,95.7798373028737,5.09634081494821
"Niger","NE","NER",2022,25311973,3.25170642220024,41.95,9.173,995,6.135,60.398,116,47.3266584157624,50.1226158861658,2.55072569807182,99.5107362854154,94.421764664571,5.08897162084439
"Niger","NE","NER",2023,26159867,3.29489175812772,41.892,8.859,995,6.061,61.183,113.5,46.9657223410195,50.4632420340669,2.57103562491354,98.164041724651,93.0691698285834,5.09487189606758
"Niger","NE","NER",2024,27032412,3.28101480132484,41.42,8.719,-4041,5.935,61.433,110.7,46.6010183145881,50.8045998484227,2.59438183698921,96.8325672256489,91.7259787578141,5.10658846783487
"Niger","NE","NER",2025,27917831,3.22289981385576,NA,NA,-7704,NA,NA,NA,46.2263651499287,51.1556359804599,2.61799886961133,95.4818820710142,90.3641651070781,5.11771696393611
"Nigeria","NG","NGA",1960,45053782,NA,46.462,26.457,12131,6.364,37.207,NA,41.1343780195856,55.5362178029804,3.32940417743398,80.0626757362147,74.0676633534984,5.9950123827163
"Nigeria","NG","NGA",1961,45989310,2.05520464816869,46.554,26.286,25515,6.353,37.427,NA,41.10790964248,55.5433632294114,3.34872712810868,80.0395082839382,74.0104783861265,6.02902989781166
"Nigeria","NG","NGA",1962,46965292,2.09998826453802,46.743,26.165,27906,6.356,37.606,NA,41.126465262901,55.5081228921136,3.36541184498544,80.1538131533676,74.0908973042575,6.0629158491101
"Nigeria","NG","NGA",1963,47973575,2.12414776592407,46.759,26.016,27115,6.349,37.806,NA,41.2265840228353,55.3961150007698,3.37730097639483,80.5180727193926,74.4214341504131,6.09663856897954
"Nigeria","NG","NGA",1964,49012016,2.14151540554873,46.87,25.89,26411,6.362,37.98,325.7,41.3893019480233,55.2295884418467,3.38110961013,81.0623649407342,74.9404478569411,6.12191708379304
"Nigeria","NG","NGA",1965,50086764,2.16912890314877,46.898,25.698,32988,6.367,38.221,318.8,41.5411468940292,55.0821845376374,3.37666856833343,81.5469012809652,75.4166641898237,6.13023709114149
"Nigeria","NG","NGA",1966,51188234,2.17529193795192,47.001,25.598,12513,6.386,38.355,312.1,41.6766482086161,54.9584964677478,3.36485532363605,81.9554857330461,75.832946944514,6.12253878853207
"Nigeria","NG","NGA",1967,52293065,2.13540609474411,47.064,26.356,18683,6.401,37.497,305.4,41.8305586202545,54.8255199310417,3.34392144870378,82.3968096206672,76.2976036403279,6.09920598033934
"Nigeria","NG","NGA",1968,53432783,2.15607095595453,47.161,25.297,9615,6.42,38.642,406.8,42.0006651908748,54.6785429959867,3.32079181313846,82.8870950556414,76.8137969166287,6.07329813901276
"Nigeria","NG","NGA",1969,54631914,2.21937460327587,47.261,25.049,6912,6.438,38.946,397.2,42.1801526318495,54.5186422950388,3.30120507311171,83.4234985635855,77.3683112112584,6.0551873523271
"Nigeria","NG","NGA",1970,55893838,2.28359240382951,47.384,24.206,7953,6.466,40.008,387.4,42.3554949148017,54.3610769255197,3.2834281596786,83.9551505419278,77.9151153818863,6.04003516004151
"Nigeria","NG","NGA",1971,57214684,2.3356437200389,47.765,23.752,-35639,6.532,40.606,276.3,42.543722691888,54.1877081764534,3.26856913165858,84.5437002468703,78.5117603188768,6.03193992799353
"Nigeria","NG","NGA",1972,58601748,2.39539467623687,47.953,23.228,-12962,6.579,41.273,268,42.7508937105426,53.9925634982765,3.2565427911809,85.2106911041407,79.1792256944925,6.03146540964823
"Nigeria","NG","NGA",1973,60082139,2.49480838624679,48.194,22.804,-618,6.633,41.831,259.8,42.9632877837182,53.7912077848027,3.24550443147918,85.9039853698027,79.8704646827795,6.03352068702321
"Nigeria","NG","NGA",1974,61679144,2.62332417262733,48.658,22.315,44281,6.703,42.489,251.5,43.1859916862659,53.5805539065198,3.23345440721421,86.6348753588225,80.6001217561339,6.0347536026886
"Nigeria","NG","NGA",1975,63410815,2.768857941331,49.009,21.906,75603,6.773,43.054,243.3,43.4164965123339,53.3636757912379,3.21982769642822,87.3933864726587,81.3596422661607,6.03374420649806
"Nigeria","NG","NGA",1976,65258009,2.87143514738127,49.001,21,72889,6.806,44.186,235.8,43.6612860806097,53.1323634161134,3.20635050327692,88.2092071201434,82.1745616099987,6.03464551014472
"Nigeria","NG","NGA",1977,67234590,2.98390652773332,49.115,20.5,129075,6.862,44.847,228.8,43.907202705536,52.8997644880393,3.19303280642474,89.0367599799139,83.000752946416,6.03600703349796
"Nigeria","NG","NGA",1978,69326532,3.06398428248064,49.252,20.12,111258,6.921,45.348,222.6,44.1574165284945,52.6623537147365,3.18022975676902,89.888970613068,83.8500650648088,6.03890554825918
"Nigeria","NG","NGA",1979,71498242,3.08451719174793,48.797,19.778,137721,6.887,45.738,217.1,44.4054466710206,52.4247278165576,3.16982551242187,90.749680406397,84.7032471649165,6.04643324148044
"Nigeria","NG","NGA",1980,73764641,3.12066355658369,48.288,19.526,198672,6.847,45.959,212.9,44.6159282154174,52.2229949426379,3.16107684194466,91.4865270213037,85.4334907191598,6.05303630214392
"Nigeria","NG","NGA",1981,76068103,3.07495335898149,47.858,19.201,106723,6.82,46.309,209.7,44.8143563878913,52.0299194786682,3.1557241334405,92.1971057127877,86.1318964874907,6.06520922529698
"Nigeria","NG","NGA",1982,78378701,2.99231883880151,47.529,19.034,101116,6.799,46.437,207.7,45.0140759541294,51.8315466851128,3.15437736075774,92.9326952319604,86.8468699720637,6.08582525989668
"Nigeria","NG","NGA",1983,80438260,2.59377141123926,47.529,19.034,-507539,6.775,46.442,206.7,45.2187056259049,51.6261608592727,3.15513351482242,93.700242535095,87.5887424686084,6.11150006648657
"Nigeria","NG","NGA",1984,82526443,2.56288295556477,46.541,18.937,113758,6.701,46.339,206.6,45.3833857833907,51.4612655727813,3.15534864382801,94.3209108578386,88.1894086324116,6.13150222542706
"Nigeria","NG","NGA",1985,84897973,2.83314546882475,45.899,18.928,61514,6.616,46.193,206.9,45.4842952816099,51.3614845160171,3.15422020237291,94.698423402768,88.5572064342646,6.14121696850344
"Nigeria","NG","NGA",1986,87235953,2.71663331013825,45.292,18.984,29682,6.557,45.953,207.5,45.5524169031546,51.2945648682258,3.15301822861957,94.9524308750503,88.8055440750372,6.1468868000131
"Nigeria","NG","NGA",1987,89591716,2.66463093630457,44.848,18.926,64418,6.504,45.89,208,45.5690152511925,51.2799858152063,3.15099893360118,95.0078553423348,88.863159934352,6.14469540798273
"Nigeria","NG","NGA",1988,92020090,2.67440624256127,44.715,18.89,93510,6.498,45.834,208.2,45.5336682457059,51.318579997042,3.14775175725214,94.861196367801,88.727449634931,6.13374673287
"Nigeria","NG","NGA",1989,94531014,2.69210483580786,44.79,18.848,99588,6.494,45.83,208,45.4572469729353,51.399677676154,3.14307535091076,94.5537492644628,88.4387783917462,6.1149708727166
"Nigeria","NG","NGA",1990,97120925,2.70288804324942,44.513,18.855,135959,6.459,45.733,207.6,45.3314344977666,51.5318480543714,3.13671744786203,94.0547521701476,87.9678029630951,6.08694920705253
"Nigeria","NG","NGA",1991,99720162,2.64110316371064,44.321,18.972,42760,6.426,45.483,206.7,45.1809782718814,51.6897046942709,3.12931703384776,93.4621238269268,87.4080806623223,6.05404316460451
"Nigeria","NG","NGA",1992,102372770,2.62528760714312,44.211,18.851,138412,6.391,45.587,205.7,45.0056668144973,51.8738603445337,3.12047284096898,92.775318527314,86.7598179807335,6.01550054658054
"Nigeria","NG","NGA",1993,105122069,2.65014775362862,44.109,18.675,90200,6.354,45.783,204.6,44.7986205218306,52.0899895335489,3.11138994462053,91.9754648058757,86.0023603824641,5.97310442341152
"Nigeria","NG","NGA",1994,107935714,2.64135723468862,43.991,18.65,128134,6.319,45.748,203.1,44.5888698156015,52.3089405792044,3.10218960519407,91.1719085372769,85.241392631945,5.93051590533189
"Nigeria","NG","NGA",1995,110819428,2.63662927453146,44.079,18.535,73243,6.273,45.87,201,44.4019887920735,52.5059346994644,3.09207650846204,90.4546627570498,84.5656580113667,5.88900474568311
"Nigeria","NG","NGA",1996,113754779,2.61429682326517,43.85,18.513,84448,6.217,45.833,198.1,44.2414087246454,52.677238081915,3.08135319343969,89.835314313018,83.9858170358846,5.84949727713336
"Nigeria","NG","NGA",1997,116754792,2.60308705392213,43.509,18.358,96885,6.138,45.96,194.3,44.0848121423779,52.8454937114936,3.06969414612847,89.2308944527818,83.4220847879743,5.80880966480748
"Nigeria","NG","NGA",1998,119846254,2.61337639810203,43.218,18.153,145575,6.069,46.148,189.4,43.9224264618132,53.0199523256691,3.05762121251774,88.6082412306977,82.8413164010874,5.7669248296103
"Nigeria","NG","NGA",1999,123047320,2.63592921799734,43.447,17.803,97195,6.082,46.609,183.6,43.7929054448321,53.1605576618816,3.04653689328626,88.1093885201792,82.3785665526026,5.73082196757657
"Nigeria","NG","NGA",2000,126382494,2.67439784501828,43.892,17.439,74535,6.124,47.143,177.3,43.7373767129489,53.2253628417872,3.03726044526388,87.8803537652729,82.173938839239,5.70641492603394
"Nigeria","NG","NGA",2001,129862595,2.7163954653619,43.934,17.149,64163,6.128,47.549,170.5,43.741225268682,53.2294016349719,3.02937309634608,87.8660990232171,82.1749332608387,5.69116576237841
"Nigeria","NG","NGA",2002,133471989,2.74147056608815,43.822,16.799,69594,6.116,48.02,163.9,43.7819674050934,53.1946708803248,3.02336171458178,87.9887566173429,82.3051765433472,5.68358007399579
"Nigeria","NG","NGA",2003,137202644,2.75673506428828,43.71,16.37,33857,6.1,48.618,157.4,43.8459139903823,53.1344977100642,3.01958829955351,88.2016466613452,82.5187317384822,5.68291492286295
"Nigeria","NG","NGA",2004,141057045,2.77053967849452,43.474,15.986,46370,6.09,49.148,151.4,43.9136942787934,53.0694560487922,3.01684967241445,88.4323064270027,82.7475870481375,5.68471937886517
"Nigeria","NG","NGA",2005,145017253,2.76883385211034,43.37,15.692,-17146,6.063,49.538,145.8,43.9921105663472,52.99378842532,3.01410100833278,88.7013602682499,83.0137112574531,5.68764901079681
"Nigeria","NG","NGA",2006,149077334,2.76124698861505,43.172,15.43,-12093,6.053,49.876,140.9,44.0888218596961,52.8996874632185,3.01149067708539,89.0370331032741,83.3442004942238,5.69283260905037
"Nigeria","NG","NGA",2007,153267261,2.77180099910734,42.897,15.067,-9162,6.027,50.381,136.5,44.1836870823965,52.8061876828346,3.01012523476883,89.3717479065226,83.6714205174828,5.70032738903982
"Nigeria","NG","NGA",2008,157595014,2.78453384410814,42.803,14.801,-13646,6.024,50.748,132.5,44.274882643178,52.7145113233087,3.01060603351322,89.7010850655611,83.9899327166978,5.71115234886325
"Nigeria","NG","NGA",2009,162049464,2.78730820935027,42.497,14.554,-18422,5.993,51.08,129.2,44.3601791240729,52.6273888199963,3.01243205593077,90.01512867819,84.2910520307701,5.72407664741991
"Nigeria","NG","NGA",2010,166642886,2.795149361277,42.139,14.36,47966,5.948,51.315,126.3,44.4190640229883,52.5665654655266,3.01437051148517,90.2349884259357,84.5006010495027,5.73438737643302
"Nigeria","NG","NGA",2011,171379598,2.80278519998649,41.793,14.203,67808,5.893,51.49,123.8,44.4508967877579,52.534972840043,3.01413037219906,90.3493899125583,84.6120105993026,5.7373793132556
"Nigeria","NG","NGA",2012,176200625,2.77422930277333,41.116,14.019,71138,5.797,51.688,121.6,44.4632626713534,52.5270788696892,3.00965845895739,90.3779963318547,84.6482688775186,5.72972745433616
"Nigeria","NG","NGA",2013,181049443,2.71468991073627,40.441,13.864,40201,5.694,51.827,119.9,44.4528313185697,52.549360231945,2.99780844948526,90.2972750019224,84.5925267187444,5.70474828317801
"Nigeria","NG","NGA",2014,185896915,2.64221399374699,39.892,13.736,-19376,5.622,51.94,118.7,44.4126646749356,52.6058463638302,2.98148896123424,90.092940117399,84.425340122201,5.667599995198
"Nigeria","NG","NGA",2015,190671878,2.53617348598208,38.951,13.656,-116162,5.503,51.939,117.8,44.3206336384855,52.709081986385,2.97028437512951,89.7206263682148,84.0853842468019,5.63524212141292
"Nigeria","NG","NGA",2016,195443700,2.47183239057048,37.771,13.408,75265,5.343,52.189,117.4,44.1420861864568,52.8926220185148,2.96529179502844,89.0622854601106,83.4560370505534,5.60624840955718
"Nigeria","NG","NGA",2017,200254579,2.43170936923065,36.693,13.192,78685,5.182,52.397,117.2,43.8805787404257,53.1559836470855,2.96343761248884,88.1255756898501,82.5505911653496,5.57498452450049
"Nigeria","NG","NGA",2018,204938755,2.31217263003389,35.69,12.952,-76565,5.021,52.669,117.2,43.5736689811882,53.4598457316183,2.96648528719345,87.0562828519935,81.5072857559563,5.54899709603716
"Nigeria","NG","NGA",2019,209485641,2.1944019229433,34.685,12.679,-99722,4.861,53.009,117.4,43.2268011629494,53.7983137946911,2.97488504235954,85.8794318634782,80.3497324745452,5.52969938893295
"Nigeria","NG","NGA",2020,213996181,2.13029714344341,33.732,12.586,-14497,4.7,53.072,117.4,42.8257357546021,54.1929528639579,2.98131138144003,84.5258373117038,79.024547116797,5.50129019490674
"Nigeria","NG","NGA",2021,218529286,2.09618685225463,33.546,12.306,-86115,4.636,53.455,117.6,42.3946991196532,54.6149618714835,2.99033900886324,83.1000083234404,77.6246977306668,5.47531059277357
"Nigeria","NG","NGA",2022,223150896,2.09281687128387,33.192,11.953,-51680,4.552,54.079,117.5,41.9524339305195,55.0396238495041,3.00794221997644,81.687287853566,76.2222392261337,5.46504862743235
"Nigeria","NG","NGA",2023,227882945,2.09838916935738,32.954,11.74,-57936,4.482,54.462,116.8,41.4922288282697,55.4796081821744,3.02816298955589,80.2464063402127,74.7882513734139,5.45815496679884
"Nigeria","NG","NGA",2024,232679478,2.08297776184189,32.493,11.641,-35202,4.382,54.635,115.6,41.0138455377957,55.9374923815531,3.04866208065127,78.7709744526654,73.3208515550278,5.45012289763752
"Nigeria","NG","NGA",2025,237527782,2.06227178599451,NA,NA,-15258,NA,NA,NA,40.5197233739162,56.4107403158649,3.06953631021894,77.2712069555623,71.8298025287933,5.44140442676899
"Spain","ES","ESP",1960,30455000,NA,21.7,8.6,-154869,2.86,69.1092682926829,54.7,27.4474885058557,64.3949156483247,8.15759584581959,55.2917649424786,42.6236898484724,12.6680750940062
"Spain","ES","ESP",1961,30739250,0.92901553460921,21.2,8.3,-46517,2.77,69.4804878048781,52,27.4095841060166,64.2599937038199,8.3304221901635,55.6178188268742,42.6541990498678,12.9636197770065
"Spain","ES","ESP",1962,31023366,0.920032286529714,21.1,8.7,-45211,2.8,69.5190243902439,49.4,27.4334586266145,64.1097498847096,8.45679148867584,55.982512345265,42.7913979796472,13.1911143656177
"Spain","ES","ESP",1963,31296651,0.877043251659206,21.4,8.8,-44446,2.88,69.6812195121951,46.9,27.3972176455912,64.0738634409935,8.5289189134153,56.0698805109846,42.758806886141,13.3110736248436
"Spain","ES","ESP",1964,31609195,0.993696426233108,22,8.4,-41461,3.01,70.399756097561,44.5,27.4154941000033,64.0038396947752,8.58066620522154,56.2406301427634,42.8341407866246,13.4064893561388
"Spain","ES","ESP",1965,31954292,1.08584474209375,21.1,8.4,-42476,2.94,70.8092682926829,42.3,27.5264936873939,63.7337083738028,8.73979793880339,56.9028445193636,43.1898507560891,13.7129937632745
"Spain","ES","ESP",1966,32283194,1.02402785233795,20.7,8.4,-41467,2.91,71.0551219512195,40.3,27.6449148897347,63.41111796001,8.94396715025533,57.7010535908758,43.5963244635104,14.1047291273654
"Spain","ES","ESP",1967,32682947,1.23066581815604,20.7,8.4,-42344,2.94,71.2529268292683,38.2,27.7363203501395,63.1646144106303,9.09906523923028,58.3164927320245,43.9111701735759,14.4053225584487
"Spain","ES","ESP",1968,33113134,1.30765578581186,20.1,8.4,-46088,2.87,71.5378048780488,36.1,27.7799488247262,62.9457812792691,9.27426989600475,58.8668811462434,44.1331398197053,14.7337413265381
"Spain","ES","ESP",1969,33441054,0.985430559578259,19.9,8.9,-49956,2.86,71.0575609756098,33.9,27.8364150654916,62.7370002249907,9.42658470951768,59.3955723555397,44.3700150534459,15.0255573020938
"Spain","ES","ESP",1970,33814531,1.11063144876766,19.5,8.3,-60580,2.84,72.0273170731707,31.6,27.8625386071391,62.5314101440455,9.60605124881542,59.9196309354641,44.5576700698988,15.3619608655652
"Spain","ES","ESP",1971,34224490,1.20508483293956,19.6,8.8,7363,2.9,71.630243902439,29.3,27.8433862058384,62.379148256701,9.77746553746063,60.3099825307527,44.6357279013085,15.6742546294442
"Spain","ES","ESP",1972,34604469,1.10413658971046,19.4,8.1,7935,2.87,72.8180487804878,27.2,27.7737983183317,62.3061938831438,9.92000779852453,60.4976835661579,44.5763009486507,15.9213826175072
"Spain","ES","ESP",1973,34988947,1.1049376041377,19.2,8.5,8624,2.84,72.6107317073171,25.2,27.6548437464725,62.2692221285637,10.0759341249638,60.5929818433591,44.4117399343518,16.1812419090073
"Spain","ES","ESP",1974,35373335,1.09260761038069,19.5,8.3,105838,2.88,72.969756097561,23.4,27.5134314222441,62.3156414309282,10.1709271468278,60.4733513008435,44.1517242499372,16.3216270509063
"Spain","ES","ESP",1975,35757900,1.08129360308283,18.7,8.3,-218,2.77,73.3187804878049,21.7,27.3444774995615,62.3680692542183,10.2874532462202,60.338455975541,43.8437133769226,16.4947425986184
"Spain","ES","ESP",1976,36137812,1.05685172472306,18.7,8.3,2804,2.77,73.6426829268293,20.2,27.194766847227,62.3562359092754,10.4489972434977,60.3688867475491,43.6119461019636,16.7569406455855
"Spain","ES","ESP",1977,36511638,1.02913180859153,18,8.1,-1332,2.65,74.1319512195122,18.7,27.0307816937688,62.365302217953,10.6039160882782,60.3455693929447,43.3426613000373,17.0029080929074
"Spain","ES","ESP",1978,36864898,0.96287655038845,17.3,8.1,-2504,2.54,74.2956097560976,17.3,26.778392366827,62.4522579514533,10.7693496817197,60.1223144147271,42.8781814815219,17.2441329332052
"Spain","ES","ESP",1979,37191330,0.88158450134584,16.2,7.8,-5929,2.37,74.8187804878049,16.1,26.4140883897952,62.6476433992166,10.9382682109882,59.622922250837,42.1629407199093,17.4599815309278
"Spain","ES","ESP",1980,37491165,0.802963561910836,15.2,7.7,20166,2.22,75.3492682926829,14.9,26.0028404346798,62.8807004780505,11.1164590872698,59.0313084272903,41.3526581687738,17.6786502585165
"Spain","ES","ESP",1981,37758631,0.710878010512537,14.1,7.8,2563,2.04,75.5285365853659,13.8,25.4962904340703,63.2259759201353,11.2777336457944,58.1628409991546,40.3256563629362,17.8371846362183
"Spain","ES","ESP",1982,37986012,0.600390137240396,13.6,7.5,-7384,1.94,76.1341463414634,13,24.9113299734541,63.6590963440408,11.4295736825051,57.0867411653313,39.1323972919521,17.9543438733792
"Spain","ES","ESP",1983,38171525,0.487183210573659,12.7,7.9,1241,1.8,75.9090243902439,12.2,24.352298069152,64.0639065800537,11.5837953507943,56.0941344564138,38.0125107497004,18.0816237067134
"Spain","ES","ESP",1984,38330364,0.415255702373565,12.3,7.8,2754,1.73,76.2953658536586,11.7,23.7672277314208,64.483796512948,11.7489757556312,55.0777173521215,36.8576746396005,18.220042712521
"Spain","ES","ESP",1985,38469512,0.362365564916491,11.9,8.1,-589,1.64,76.259512195122,11.1,23.1565417152434,64.8867677352285,11.9566905495281,54.1146302866605,35.6876193507129,18.4270109359476
"Spain","ES","ESP",1986,38584624,0.298782366814399,11.4,8,-13540,1.56,76.5104878048781,10.7,22.5305035427843,65.2480500193807,12.221446437835,53.2612837410973,34.5305386560024,18.7307450850949
"Spain","ES","ESP",1987,38684815,0.259329063201825,11,8,-12681,1.49,76.7280487804878,10.3,21.8774526964944,65.5853656681516,12.537181635354,52.4730409938649,33.3572170149297,19.1158239789352
"Spain","ES","ESP",1988,38766939,0.212064999269184,10.8,8.2,-17663,1.45,76.7470731707317,9.9,21.2073898965154,65.9224788577116,12.870131245773,51.6933258314141,32.1701954290648,19.5231304023493
"Spain","ES","ESP",1989,38827764,0.156776197618463,10.5,8.4,-25892,1.4,76.8136585365854,9.5,20.5164957353155,66.2771298393532,13.2063744253314,50.8816104560485,30.9556201447365,19.925990311312
"Spain","ES","ESP",1990,38867322,0.101828842607043,10.3,8.6,-30684,1.36,76.8375609756098,9.2,19.7896345294186,66.6658897270995,13.5444757434819,50.0017482756329,29.6847978673044,20.3169504083285
"Spain","ES","ESP",1991,38966376,0.254527424551043,10.2,8.7,122841,1.33,76.9712195121951,8.8,19.0774322142024,67.0651500612511,13.8574177245465,49.1087370118976,28.4461183523777,20.6626186595198
"Spain","ES","ESP",1992,39157685,0.48975790543999,10.1,8.5,177544,1.31,77.41,8.3,18.4250833113576,67.4328488571973,14.1420678314451,48.2956748236508,27.3236013150923,20.9720735085585
"Spain","ES","ESP",1993,39361262,0.518543520866421,9.8,8.6,160907,1.26,77.5465853658537,7.9,17.8073035147794,67.7634414996552,14.4292549855654,47.5721965199723,26.2786274696086,21.2935690503636
"Spain","ES","ESP",1994,39549108,0.476100555169168,9.4,8.6,160407,1.19,77.9014634146342,7.4,17.207539313762,68.0606142387335,14.7318464475045,46.9278531933622,25.2826669593154,21.6451862340468
"Spain","ES","ESP",1995,39724050,0.441365749537872,9.1,8.7,162434,1.16,77.9807317073171,6.9,16.6246714097882,68.3188171595013,15.0565114307106,46.372558076106,24.3339576132519,22.0386004628542
"Spain","ES","ESP",1996,39889852,0.416515798212804,9.1,8.8,162704,1.14,78.1204878048781,6.5,16.1133858344427,68.504615559883,15.3819986056743,45.9755642805361,23.5216067691342,22.453957511402
"Spain","ES","ESP",1997,40057389,0.41911951720212,9.2,8.7,165345,1.15,78.6041463414634,6.1,15.6938113675831,68.6037622960281,15.7024263363888,45.7646000804341,22.876021128293,22.8885789521411
"Spain","ES","ESP",1998,40223509,0.413847481113965,9.1,9,182926,1.13,78.6658536585366,5.8,15.330549939502,68.6462272284242,16.0232228320738,45.6744280848841,22.3326910141457,23.3417370707384
"Spain","ES","ESP",1999,40386875,0.405323025522848,9.4,9.2,178559,1.17,78.7170731707317,5.6,15.0385455132257,68.6616201441328,16.2998343426415,45.641773652292,21.9024053955742,23.7393682567178
"Spain","ES","ESP",2000,40567864,0.447137014535835,9.8,8.9,176269,1.22,78.9658536585366,5.4,14.815829862741,68.6362927226721,16.547877414587,45.6955141735045,21.5860005420144,24.1095136314901
"Spain","ES","ESP",2001,40850412,0.694068084334464,9.9,8.8,181307,1.23,79.3682926829268,5.3,14.6602318145479,68.5294573061061,16.8103108793461,45.9226479881846,21.3925981206496,24.530049867535
"Spain","ES","ESP",2002,41431558,1.41259540475782,10.1,8.8,737880,1.25,79.5682926829268,5.1,14.5742351751512,68.5073493192691,16.9184155055798,45.9697413251327,21.2739744434668,24.6957668816659
"Spain","ES","ESP",2003,42187645,1.80845446818345,10.4,9.1,658428,1.3,79.619512195122,5,14.5448266635092,68.6408219553399,16.8143513811509,45.6859025843891,21.1897625611982,24.4961400231909
"Spain","ES","ESP",2004,42921895,1.7254663034483,10.6,8.6,661158,1.31,79.8707317073171,4.9,14.5192818634978,68.8607143645203,16.6200037719819,45.2206844125812,21.0850002862332,24.1356841263481
"Spain","ES","ESP",2005,43653155,1.68934904712031,10.6,8.8,629803,1.33,80.1707317073171,4.7,14.5057421269898,68.9483832449344,16.5458746280758,45.0360312903004,21.0385523759022,23.9974789143982
"Spain","ES","ESP",2006,44397319,1.69035255626114,10.8,8.3,659720,1.36,80.8219512195122,4.5,14.543139992054,68.9209409974025,16.5359190105435,45.0937823233074,21.1011910500489,23.9925912732585
"Spain","ES","ESP",2007,45226803,1.85108130845179,10.9,8.5,772317,1.38,80.8731707317073,4.4,14.5948435805937,68.9728223213613,16.4323340980449,44.9846416971974,21.1602816446467,23.8243600525508
"Spain","ES","ESP",2008,45954106,1.59533049906372,11.3,8.4,434135,1.45,81.1756097560976,4.2,14.6850331352484,68.8710842643333,16.4438826004183,45.1988178744217,21.3224954865212,23.8763223879005
"Spain","ES","ESP",2009,46362946,0.88573598057307,10.6,8.3,129557,1.38,81.4756097560976,4,14.8118630613198,68.5636733899172,16.624463548763,45.8498278241454,21.6030765437385,24.2467512804068
"Spain","ES","ESP",2010,46576897,0.460408305051304,10.4,8.2,69406,1.37,81.6268292682927,3.8,14.9215556038969,68.1859842081222,16.8924601879808,46.6577070829496,21.8836121484751,24.7740949344745
"Spain","ES","ESP",2011,46742697,0.355338396471428,10.1,8.3,60761,1.34,82.4756097560976,3.7,15.0089538303643,67.8223406857849,17.1687054838507,47.4440422369686,22.1298088186322,25.3142334183364
"Spain","ES","ESP",2012,46773055,0.0649259625617232,9.7,8.6,-153486,1.32,82.4268292682927,3.6,15.0600098504152,67.4834730652077,17.4565170843771,48.1844300113021,22.3165907375352,25.8678392737669
"Spain","ES","ESP",2013,46604197,-0.361668780017733,9.1,8.3,-250741,1.27,83.0780487804878,3.5,15.0721422735095,67.0770392025555,17.850818523935,49.0823130564992,22.4698987211265,26.6124143353727
"Spain","ES","ESP",2014,46460733,-0.308309722343882,9.2,8.5,-97870,1.32,83.2292682926829,3.4,15.0512623691846,66.6930927877804,18.2556448430349,49.9405636720981,22.5679482090357,27.3726154630625
"Spain","ES","ESP",2015,46422303,-0.0827492378541321,9,9.1,-1979,1.33,82.8317073170732,3.3,14.9967903134298,66.4614550787613,18.5417546078088,50.463152001926,22.5646419799631,27.8985100219629
"Spain","ES","ESP",2016,46458139,0.0771658726133905,8.8,8.8,106474,1.33,83.3292682926829,3.3,14.9182925617657,66.3143685616246,18.7673388766097,50.7968795026243,22.4963193505984,28.300560152026
"Spain","ES","ESP",2017,46571232,0.243134086570712,8.4,9.1,201135,1.31,83.2829268292683,3.2,14.8205817262009,66.1865982307919,18.9928200430073,51.0879864250854,22.3921173670547,28.6958690580307
"Spain","ES","ESP",2018,46782011,0.451573724507016,7.9,9.1,337467,1.26,83.4317073170732,3.2,14.665685455539,66.1319737035927,19.2023408408683,51.21278722932,22.1763930913531,29.0363941379669
"Spain","ES","ESP",2019,47118501,0.716697775475724,7.6,8.8,464783,1.23,83.8317073170732,3.2,14.4487958383745,66.1693765330282,19.3818276285973,51.1273134809275,21.836076943698,29.2912365372295
"Spain","ES","ESP",2020,47359424,0.510010189620998,7.2,10.4,236854,1.18,82.2317073170732,3.2,14.1995072556252,66.2408766587242,19.5596160856506,50.9641870731648,21.4361707316031,29.5280163415616
"Spain","ES","ESP",2021,47443821,0.178046695121711,7.1,9.5,144385,1.18,83.1780487804878,3.2,13.9083161586305,66.2783015470184,19.8133822943511,50.8789437442103,20.9847212712219,29.8942224729884
"Spain","ES","ESP",2022,47786102,0.718854879160094,6.9,9.7,299779,1.16,83.1341463414634,3.2,13.5959103362946,66.2160904145149,20.1879992491906,51.0206958838906,20.5326392957178,30.4880565881728
"Spain","ES","ESP",2023,48352528,1.17836618688432,6.6,9,119099,1.12,83.9341463414634,3.2,13.2586507610337,66.0876417150889,20.6537075238774,51.3142228402432,20.0622249162847,31.2519979239585
"Spain","ES","ESP",2024,48848840,1.02121260938381,6.5,8.9,111674,1.1,83.8878048780488,3.2,12.9217448695747,65.9328112372132,21.1454438932121,51.6695519755033,19.5983514726874,32.0712005028159
"Spain","ES","ESP",2025,49355143,1.03113431966787,NA,NA,96630,NA,NA,NA,12.6191319691698,65.7387870333902,21.64208099744,52.1171983566767,19.1958711526835,32.9213272039932
"United Arab Emirates","AE","ARE",1960,131334,NA,39.919,13.891,3102,6.499,50.651,201.3,37.7722532921662,59.8784020954129,2.34934461242096,67.0044887526863,63.081598657189,3.92289009549726
"United Arab Emirates","AE","ARE",1961,137989,4.94302750761822,39.796,13.295,3141,6.494,51.596,190.7,36.7373486292386,61.0182695722123,2.24438179854916,63.8855568355919,60.2073658832053,3.67819095238661
"United Arab Emirates","AE","ARE",1962,144946,4.91872874289777,39.622,12.713,3212,6.489,52.546,180.3,35.8298952713424,62.026547817808,2.14355691084956,61.2212891385351,57.7654190534453,3.45587008508982
"United Arab Emirates","AE","ARE",1963,152211,4.8906456876335,39.447,12.141,3264,6.495,53.509,169.7,35.0947040621243,62.8574807339811,2.04781520389459,59.0900539320206,55.8321836197165,3.25787031230403
"United Arab Emirates","AE","ARE",1964,159692,4.7979243899545,39.166,11.552,3126,6.494,54.495,159,34.4995366079703,63.5435713748967,1.95689201713298,57.3723318288429,54.2927252301082,3.07960659873465
"United Arab Emirates","AE","ARE",1965,167103,4.53634287214408,38.882,10.907,2598,6.495,55.512,148,33.9193972597821,64.2090081895352,1.87159455068266,55.7407148515774,52.8263199589916,2.91439489258586
"United Arab Emirates","AE","ARE",1966,173976,4.03069699051328,38.656,10.176,1516,6.495,56.572,137.2,33.1990240061158,65.0073429457427,1.79363304814156,53.828129835451,51.0694359708922,2.75869386455874
"United Arab Emirates","AE","ARE",1967,179700,3.23714351228271,38.686,9.391,-283,6.51,57.648,126.6,32.1452420701169,66.126878130217,1.72787979966611,51.2244382731633,48.6114617520828,2.61297652108054
"United Arab Emirates","AE","ARE",1968,199416,10.4104301241277,35.905,7.884,28866,6.529,58.727,116.2,31.2049464560177,67.1585207769707,1.63653276701159,48.901997386597,46.4648123949972,2.43718499159978
"United Arab Emirates","AE","ARE",1969,239660,18.3828157223581,32.956,7.346,39902,6.524,59.764,106.1,30.5574563965618,67.8982725527831,1.54427105065509,47.2791519434629,45.0047626363497,2.27438930711323
"United Arab Emirates","AE","ARE",1970,286536,17.8642930456826,31.111,6.953,40792,6.519,60.78,96.5,29.7792071139527,68.7218512191334,1.49894166691387,45.5140087246652,43.3328424227959,2.18116630186935
"United Arab Emirates","AE","ARE",1971,335027,15.634694288103,29.928,6.528,41425,6.519,61.753,87.4,28.9706501267062,69.5343957352691,1.4949541380247,43.813718293777,41.6635545310548,2.1501637627222
"United Arab Emirates","AE","ARE",1972,385014,13.906857167078,29.061,6.156,41888,6.502,62.675,79.1,28.2779694737977,70.2020838230348,1.51994670316755,42.4458355531877,40.2807375836145,2.1650979695732
"United Arab Emirates","AE","ARE",1973,436399,12.5277265217573,28.35,5.843,42243,6.464,63.542,71.5,27.7531888858463,70.6746242253353,1.57218688881836,41.4936629239713,39.2691206557228,2.22454226824848
"United Arab Emirates","AE","ARE",1974,489087,11.3983425279883,27.738,5.584,42474,6.411,64.351,64.6,27.395256258351,70.9475726686384,1.6571710730106,40.9492932174815,38.6135246905575,2.33576852692402
"United Arab Emirates","AE","ARE",1975,542856,10.4303703633327,27.222,5.376,42380,6.353,65.105,58.3,27.161229533035,71.0607683614362,1.77800210552881,40.7244956682687,38.2224088677357,2.50208680053298
"United Arab Emirates","AE","ARE",1976,615866,12.6185316008578,25.96,5.053,78903,6.291,65.806,52.5,26.9287474872781,71.3151075071525,1.75614500556939,40.2226750606209,37.7602713994604,2.46240366116051
"United Arab Emirates","AE","ARE",1977,710209,14.2529885512947,26.931,4.702,81111,6.223,66.471,47.1,26.7939437545849,71.6051894583144,1.6008667871007,39.6547418429368,37.4189602927556,2.2357815501812
"United Arab Emirates","AE","ARE",1978,809274,13.0578256541173,27.722,4.393,82359,6.151,67.083,42.3,26.8886681148783,71.6556444418083,1.45568744331339,39.5564676059253,37.5248754074048,2.03159219852041
"United Arab Emirates","AE","ARE",1979,912010,11.9513405470009,28.223,4.115,82238,6.059,67.645,37.9,27.1421217189934,71.5393079355994,1.31857034540721,39.7832157757117,37.9401513688489,1.84306440686279
"United Arab Emirates","AE","ARE",1980,1015700,10.7682354018958,28.491,3.873,78148,5.953,68.157,34,27.4163630993404,71.3859407305307,1.19769617012898,40.0836060667497,38.4058300819097,1.67777598484002
"United Arab Emirates","AE","ARE",1981,1099855,7.96003229704081,28.777,3.719,37600,5.814,68.622,30.7,27.9960085647654,70.8584313386765,1.14556009655818,41.1264659840378,39.5098416608925,1.61662432314523
"United Arab Emirates","AE","ARE",1982,1166370,5.87180088431517,28.935,3.57,38276,5.658,69.056,27.7,28.8197141558854,70.0348517194372,1.14543412467742,42.7861396926053,41.1506185232566,1.63552116934867
"United Arab Emirates","AE","ARE",1983,1235305,5.74215413753345,28.923,3.439,38536,5.482,69.448,25.2,29.537187359726,69.3195731744091,1.14323946586492,44.2593085665438,42.610135605413,1.64917296113081
"United Arab Emirates","AE","ARE",1984,1305996,5.56480649101998,28.785,3.326,38124,5.303,69.802,23.1,30.1849699386522,68.6756697570284,1.13936030431946,45.6120066629353,43.9529625310235,1.65904413191185
"United Arab Emirates","AE","ARE",1985,1377911,5.36026160862263,28.522,3.226,37605,5.125,70.123,21.3,30.7494349237959,68.1149333611048,1.13563171509926,46.8107095634497,45.1434799795006,1.66722958394908
"United Arab Emirates","AE","ARE",1986,1467383,6.29119579654771,28.206,3.108,69655,4.999,70.41,19.7,31.152398521722,67.7299995979237,1.11760188035435,47.6450884884073,45.9949550187703,1.65013346963704
"United Arab Emirates","AE","ARE",1987,1574244,7.02946149266028,26.966,2.992,69493,4.883,70.623,18.3,31.1960852320225,67.7158369350622,1.08807783291536,47.6759664281768,46.0691379936267,1.60682843455005
"United Arab Emirates","AE","ARE",1988,1681788,6.60823561382132,26.007,2.9,68991,4.768,70.808,17.1,30.8526698965625,68.0842353495209,1.06309475391666,46.8769022377521,45.3154625237875,1.56143971396458
"United Arab Emirates","AE","ARE",1989,1789851,6.22748629856082,25.262,2.831,68132,4.65,70.96,16.1,30.2773052833184,68.6798422549816,1.04285246170001,45.6031927970083,44.0847269144946,1.51846588251373
"United Arab Emirates","AE","ARE",1990,1898220,5.8784228791753,24.564,2.786,67118,4.506,71.074,15.1,29.5807387973997,69.3918513133356,1.02740988926468,44.1092156907403,42.6285861783618,1.48062951237844
"United Arab Emirates","AE","ARE",1991,2006626,5.55380997102418,23.396,2.76,66943,4.251,71.144,14.3,28.8395119069303,70.1439556110495,1.01653248202019,42.5639437112041,41.1147352768366,1.44920843436751
"United Arab Emirates","AE","ARE",1992,2114730,5.24724401080608,22.687,2.77,65739,4.088,71.166,13.7,28.1016725539431,70.8885295049486,1.00979794110832,41.066545883166,39.6420921605682,1.42445372259774
"United Arab Emirates","AE","ARE",1993,2222093,4.95223997523987,21.398,2.801,65545,3.819,71.159,13.1,27.3850762805436,71.6089579488892,1.00596577056726,39.6473016268041,38.2425286792884,1.40477294751568
"United Arab Emirates","AE","ARE",1994,2328188,4.66407380953512,21.309,2.85,62352,3.761,71.204,12.6,26.6762606799794,72.3211355783983,1.00260374162224,38.272105724528,36.8858135186949,1.38629220583309
"United Arab Emirates","AE","ARE",1995,2434662,4.4717655242434,18.739,2.85,68938,3.278,71.392,12.1,25.9402278549902,73.0619952457476,0.997776899262218,36.8700363669481,35.5044065902374,1.36562977671065
"United Arab Emirates","AE","ARE",1996,2597564,6.47661448989632,17.339,2.754,180296,3.06,71.82,11.8,25.1772044885131,73.8095384752792,1.01325703620777,35.4838440474638,34.1110444647281,1.37279958273569
"United Arab Emirates","AE","ARE",1997,2817410,8.12439404457886,16.205,2.644,183310,2.825,72.559,11.5,24.2643286323838,74.679097944406,1.05657342321022,33.9063010927674,32.4914829545022,1.41481813826511
"United Arab Emirates","AE","ARE",1998,3040421,7.61779694622865,16.002,2.459,183329,2.765,73.66,11.2,23.14475147607,75.7395643992124,1.11568412471758,32.0313687412118,30.5583371909526,1.47303155025921
"United Arab Emirates","AE","ARE",1999,3266009,7.15727575370797,16.378,2.233,180469,2.793,74.982,11,21.9766846937654,76.8336676353311,1.18964767090354,30.1512914467431,28.6029501134736,1.54834133326957
"United Arab Emirates","AE","ARE",2000,3493575,6.73568170124179,16.314,2.004,178469,2.733,76.347,10.7,20.8369190818976,77.8879832423831,1.27509767571933,28.3894784230497,26.7524048399989,1.63707358305082
"United Arab Emirates","AE","ARE",2001,3723590,6.37626894621745,15.978,1.801,178779,2.622,77.621,10.5,19.7885884605195,78.8443707760024,1.36704076347815,26.8321411139091,25.0982938108705,1.73384730303855
"United Arab Emirates","AE","ARE",2002,3956826,6.07539320463732,15.779,1.646,178988,2.541,78.721,10.3,18.9088425925224,79.6300494386157,1.46110796886191,25.5807133564786,23.7458594151433,1.83485394133533
"United Arab Emirates","AE","ARE",2003,4192457,5.78447695225097,15.647,1.546,177237,2.491,79.6,10.2,18.2594359345844,80.1836130937062,1.55695097170943,24.7137727030423,22.7720259966493,1.94174670639302
"United Arab Emirates","AE","ARE",2004,4428967,5.48794157690806,15.115,1.49,176319,2.385,80.272,10,17.8278704718279,80.5131083613854,1.65902116678675,24.2034056488981,22.1428313028496,2.0605743460485
"United Arab Emirates","AE","ARE",2005,4664790,5.18764431874288,14.343,1.471,174926,2.232,80.779,9.8,17.4833593795219,80.7422842185822,1.77435640189591,23.8508434184053,21.6532880494088,2.19755536899655
"United Arab Emirates","AE","ARE",2006,5009100,7.12134410320015,12.292,1.444,399306,1.958,81.155,9.6,17.2037491764988,80.9708730111197,1.82537781238147,23.501200223279,21.2468367163785,2.25436350690054
"United Arab Emirates","AE","ARE",2007,5624635,11.5899798855336,11.127,1.34,722380,1.792,81.438,9.4,16.994055347063,81.3051319156827,1.70081273725431,22.9934856247938,20.9015863797056,2.0918992450882
"United Arab Emirates","AE","ARE",2008,6302664,11.3816344065238,9.999,1.205,523207,1.516,81.591,9.2,16.8605674631737,81.5845266712198,1.55490586560652,22.5722525422506,20.6663789705132,1.90587357173737
"United Arab Emirates","AE","ARE",2009,6707058,6.2188003600278,11.083,1.165,163643,1.582,81.679,9,16.8659865473058,81.6611769273503,1.4728365253439,22.4572001454064,20.6536057737514,1.80359437165503
"United Arab Emirates","AE","ARE",2010,6869838,2.39801204084647,11.249,1.073,161842,1.565,81.886,8.8,16.8739874232582,81.7040705422879,1.42194203445395,22.3929290494442,20.6525745790484,1.7403544703958
"United Arab Emirates","AE","ARE",2011,7104538,3.35932096341285,11.372,1.027,215183,1.539,81.898,8.6,16.8194092207522,81.7491567206735,1.43143405857427,22.3254188260817,20.5744072728525,1.75101155322922
"United Arab Emirates","AE","ARE",2012,7391448,3.95899214220379,11.678,1.033,225921,1.532,81.913,8.4,16.8004347270221,81.7319747580354,1.46759051494251,22.3511283233596,20.555517667421,1.79561065593851
"United Arab Emirates","AE","ARE",2013,7693031,3.99911978796443,11.819,1.033,279269,1.527,81.95,8.2,16.8283164877966,81.6884573970865,1.48322611511691,22.4163226622205,20.6006125087877,1.81571015343272
"United Arab Emirates","AE","ARE",2014,8059440,4.65292210905658,11.471,1.014,360174,1.483,81.99,7.9,16.8423411088757,81.6610900166076,1.49656887451666,22.4573333412344,20.6246760770878,1.83265726414651
"United Arab Emirates","AE","ARE",2015,8505237,5.38380162241984,11.02,1.021,342468,1.417,82.076,7.6,16.8311616180189,81.6642098864586,1.50462849552252,22.4526561983721,20.6102018000975,1.84245439827462
"United Arab Emirates","AE","ARE",2016,8935095,4.93046894788046,10.747,1.007,195317,1.366,82.195,7.3,16.8110159449701,81.7037621944191,1.48522186061082,22.3933808829188,20.5755674177627,1.81781346515606
"United Arab Emirates","AE","ARE",2017,9223225,3.17379785893425,10.661,0.97,34155,1.35,82.388,7,16.7637609107843,81.7573549214794,1.47888416773632,22.3131514262999,20.5042791318803,1.80887229441966
"United Arab Emirates","AE","ARE",2018,9346701,1.32986873264335,10.248,0.957,14611,1.288,82.449,6.7,16.7091550433461,81.7897488678028,1.50109608885113,22.2647153045603,20.4294039630104,1.83531134154989
"United Arab Emirates","AE","ARE",2019,9445785,1.0545163442516,10.094,0.958,-125186,1.247,82.596,6.3,16.6494070201078,81.8226037478217,1.52798923207058,22.2156206400823,20.3481736526055,1.86744698747682
"United Arab Emirates","AE","ARE",2020,9401038,-0.474850154644905,10.465,1.118,92541,1.289,81.936,5.9,16.5795684066633,81.8563407363944,1.56409085694231,22.1652541679088,20.2544758871141,1.91077828079465
"United Arab Emirates","AE","ARE",2021,9575152,1.83513009029147,9.279,1.258,421663,1.162,79.083,5.6,16.5083622023306,81.87240475274,1.61923304492939,22.1412793084987,20.1635276749887,1.97775163351003
"United Arab Emirates","AE","ARE",2022,10074977,5.08834153373914,9.295,1.18,322773,1.148,80.487,5.3,16.4756028959529,81.8846579747203,1.63973912932682,22.1229936023157,20.1204990145287,2.00249458778694
"United Arab Emirates","AE","ARE",2023,10483751,3.97717097504667,9.774,0.932,300004,1.2,82.909,5,16.3389425432864,81.9654257470884,1.69563170962521,22.0026623838262,19.9339442998767,2.06871808394946
"United Arab Emirates","AE","ARE",2024,10986400,4.68316095317394,9.819,0.972,278439,1.213,83.069,4.8,16.1109795668483,82.1220600575181,1.76696037563358,21.769960468876,19.618337227776,2.15162324109996
"United Arab Emirates","AE","ARE",2025,11513149,4.68316292656212,NA,NA,158634,NA,NA,NA,15.9773973206416,82.2302882072977,1.79231447206064,21.609697214495,19.4300674659375,2.17962974855756
"Uruguay","UY","URY",1960,2529957,NA,21.797,9.766,2057,2.827,67.683,63.4,27.5815305197815,64.2320078499342,8.1864616302843,55.6856376635188,42.9404901534853,12.7451475100336
"Uruguay","UY","URY",1961,2562044,1.2603070862254,21.814,9.724,703,2.846,67.81,62,27.6422208903866,64.1434604277951,8.21431868181837,55.9005077328245,43.0943711268943,12.8061366059302
"Uruguay","UY","URY",1962,2593298,1.21250473408929,21.826,9.702,-623,2.866,67.911,60.5,27.705112891984,64.0449851974176,8.24990191059838,56.1402801050289,43.2588325324512,12.8814475725776
"Uruguay","UY","URY",1963,2623766,1.16802655253739,21.81,9.681,-1707,2.884,68.023,59.3,27.785976340878,63.9195149262549,8.29450873286718,56.4466975414093,43.4702423649409,12.9764551764684
"Uruguay","UY","URY",1964,2653180,1.11482302975285,21.48,9.668,-2623,2.863,68.112,58.3,27.8753367891857,63.7716695113657,8.35299369944864,56.8094601758771,43.7111733788343,13.0982867970427
"Uruguay","UY","URY",1965,2681169,1.04939728740425,21.157,9.667,-3542,2.84,68.2,57.8,27.9376219966697,63.6367264359825,8.42565156734776,57.1419780003376,43.9017399988747,13.2402380014629
"Uruguay","UY","URY",1966,2707646,0.982672927588653,20.854,9.666,-4599,2.819,68.302,57.4,27.9671581822657,63.5207046121806,8.51213720555368,57.429025603576,44.0284292953842,13.4005963081918
"Uruguay","UY","URY",1967,2732277,0.905570476769081,20.467,9.665,-5938,2.784,68.407,57,27.9602690356798,63.4246271516395,8.61510381268078,57.6674743513469,44.0842338757843,13.5832404755626
"Uruguay","UY","URY",1968,2754606,0.813909218217912,20.248,9.683,-8028,2.771,68.514,56.2,27.9168418278331,63.3516916756879,8.73146649647899,57.8490266112502,44.0664630858369,13.7825635254133
"Uruguay","UY","URY",1969,2773974,0.700652942836779,20.126,9.742,-11149,2.769,68.581,55.2,27.8458319807309,63.2990185378483,8.85514948142078,57.9803610460289,43.990937970201,13.9894230758279
"Uruguay","UY","URY",1970,2790807,0.604985221938376,20.06,9.763,-12727,2.772,68.734,54.1,27.7608999405727,63.2557828713671,8.98331718806015,58.0882965218736,43.8867259524615,14.2015705694121
"Uruguay","UY","URY",1971,2806462,0.559381399085033,19.952,9.767,-13288,2.767,68.926,53.3,27.6600039480314,63.2270096655504,9.1129863864182,58.1602554493187,43.7471610793703,14.4130943699484
"Uruguay","UY","URY",1972,2821644,0.539507849533265,19.994,9.753,-13817,2.782,69.169,53.2,27.5444514714735,63.2158126227454,9.23973590578118,58.1882296878723,43.5720752918752,14.6161543959971
"Uruguay","UY","URY",1973,2837133,0.547434142808986,20.449,9.8,-14312,2.855,69.348,53.9,27.4424872851419,63.1908579557501,9.36665475910809,58.2507115928133,43.4279390609931,14.8227725318202
"Uruguay","UY","URY",1974,2853944,0.590786204296072,21.145,9.855,-14512,2.957,69.524,54.7,27.382142046235,63.1140975436098,9.50376041015521,58.4432066558556,43.385143909116,15.0580627467396
"Uruguay","UY","URY",1975,2872320,0.641816831357887,21.516,9.89,-14350,3.017,69.705,55,27.3637512533422,62.9847997437611,9.65144900289661,58.7684101430249,43.44498030816,15.3234298348649
"Uruguay","UY","URY",1976,2891392,0.661798147064247,21.384,9.902,-14096,3.005,69.887,54.1,27.3631303947838,62.8246251589848,9.81224444623136,59.1732149522215,43.5547694309845,15.6184455212369
"Uruguay","UY","URY",1977,2909461,0.622979359711899,20.642,9.877,-14280,2.899,70.081,51.9,27.3387704219492,62.6659950647225,9.99523451332833,59.5761508476928,43.6261650257261,15.9499858219667
"Uruguay","UY","URY",1978,2925715,0.557105459685174,20.14,9.86,-14611,2.829,70.265,48.4,27.2695221509956,62.541071156965,10.1894066920394,59.8949705783176,43.6026217459761,16.2923488323415
"Uruguay","UY","URY",1979,2939903,0.483769235243481,19.334,9.995,-14552,2.711,70.255,44.1,27.1687025048105,62.4673331058882,10.3639643893013,60.0836709812636,43.4926291016668,16.5910418795968
"Uruguay","UY","URY",1980,2951953,0.40903975932411,18.506,9.884,-14252,2.59,70.505,39.8,27.0367787020999,62.4475897820866,10.5156315158134,60.13427194952,43.2951633998274,16.8391085496926
"Uruguay","UY","URY",1981,2963246,0.38183039050652,18.156,9.73,-13577,2.534,70.952,35.9,26.8865291643016,62.4610815301868,10.6523893055116,60.0997366110623,43.0452623759033,17.054474235159
"Uruguay","UY","URY",1982,2975492,0.412411436806429,18.031,9.554,-12131,2.512,71.528,33,26.7454088265067,62.4907242230865,10.7638669504069,60.0237602633528,42.7990214084383,17.2247388549145
"Uruguay","UY","URY",1983,2988778,0.445520473619639,17.875,9.796,-10671,2.486,71.595,31,26.6198214421042,62.5376052457551,10.8425733121407,59.9037509830882,42.5660876031908,17.3376633798974
"Uruguay","UY","URY",1984,3002488,0.457667008298166,17.778,9.89,-9730,2.471,71.708,29.6,26.4987736836917,62.5931560758944,10.908070240414,59.7619285796381,42.3349643919819,17.4269641876562
"Uruguay","UY","URY",1985,3017037,0.483394564540091,17.779,9.828,-8832,2.47,71.861,28.4,26.3735578980304,62.6383766589538,10.9880654430158,59.6465383266052,42.1044722177685,17.5420661088367
"Uruguay","UY","URY",1986,3032845,0.522589894361019,17.795,9.715,-8046,2.47,72.187,27.3,26.2499445652423,62.6554872826484,11.0945681521093,59.6029246770415,41.8956723452357,17.7072523318058
"Uruguay","UY","URY",1987,3049896,0.560636879371842,17.935,9.912,-6833,2.486,72.196,26.2,26.1323294085553,62.6509456960261,11.2167248954186,59.6144838598087,41.7109895441098,17.9034943156989
"Uruguay","UY","URY",1988,3067961,0.590567988250426,18.083,9.911,-6582,2.503,72.408,25.1,26.0008151992781,62.6558384125746,11.3433463881473,59.6020199172119,41.4978330160847,18.1041869011272
"Uruguay","UY","URY",1989,3086255,0.59452102052382,18.061,9.856,-7229,2.498,72.628,24.2,25.8210073083733,62.6963200863701,11.4826726052566,59.4990201388343,41.184246974627,18.3147731642074
"Uruguay","UY","URY",1990,3104403,0.5863044602648,17.931,9.653,-7499,2.477,72.994,23.6,25.5818107378456,62.7790270786364,11.6391621835181,59.2889168018702,40.7490017517448,18.5399150501254
"Uruguay","UY","URY",1991,3122354,0.576577815081659,17.799,9.657,-7714,2.454,73.198,23.2,25.3151188678668,62.8767690781969,11.8081120539362,59.0412762608654,40.261507155282,18.7797691055834
"Uruguay","UY","URY",1992,3139702,0.554068643934089,17.685,9.771,-7850,2.432,73.185,22.9,25.0738008055861,62.948595591014,11.9776036033999,58.8598045535363,39.8322099091377,19.0275946443985
"Uruguay","UY","URY",1993,3156345,0.528682164061756,17.569,9.898,-7922,2.408,73.147,22.5,24.8759364271117,62.9831873601924,12.140876212696,58.7725047749787,39.4961284568607,19.276376318118
"Uruguay","UY","URY",1994,3172834,0.52104822142472,17.737,9.972,-7955,2.425,73.162,22,24.7354769798037,62.9725764052857,12.2919466149106,58.7993083135012,39.2797851867979,19.5195231267033
"Uruguay","UY","URY",1995,3189440,0.522015798423953,17.594,9.796,-8339,2.401,73.493,21.3,24.6630129427109,62.8977814287148,12.4392056285743,58.9881196578214,39.2112605285813,19.7768591292402
"Uruguay","UY","URY",1996,3206324,0.527975679567825,17.318,9.635,-7397,2.364,73.812,20.3,24.6190185396111,62.7902701037075,12.5907113566814,59.2603832889857,39.2083681235251,20.0520151654606
"Uruguay","UY","URY",1997,3223345,0.529453063948236,17.025,9.661,-6938,2.328,73.92,19.4,24.5761623406741,62.6975703810793,12.7262672782467,59.4958631026161,39.197974822844,20.2978882797721
"Uruguay","UY","URY",1998,3239280,0.493144265488424,16.57,9.743,-7048,2.271,74.029,18.4,24.522505699184,62.6376637150329,12.839830585783,59.6483800712565,39.1498017012246,20.4985783700319
"Uruguay","UY","URY",1999,3254015,0.45385356103469,16.382,9.669,-7441,2.248,74.293,17.6,24.4530642217285,62.59933303944,12.9476027388315,59.7460863862008,39.0627945519668,20.683291834234
"Uruguay","UY","URY",2000,3266206,0.373944815859448,15.952,9.504,-11076,2.196,74.693,17,24.363416703751,62.5737686824149,13.0628146138341,59.8113405108553,38.9354962452074,20.8758442656479
"Uruguay","UY","URY",2001,3274251,0.246007398484151,15.695,9.364,-14620,2.161,74.987,16.6,24.2468240451291,62.559076479006,13.1940994758649,59.8489216395122,38.7582926866181,21.0906289528941
"Uruguay","UY","URY",2002,3278867,0.140879525241248,15.644,9.522,-16957,2.16,74.979,16.2,24.1094445290773,62.5641971089704,13.3263583619522,59.8358581980962,38.5355443144355,21.3003138836607
"Uruguay","UY","URY",2003,3281186,0.0707006512477159,15.275,9.598,-17105,2.116,75.086,15.7,23.9386002500315,62.6161089313437,13.4452908186247,59.703312305219,38.2307375188058,21.4725747864132
"Uruguay","UY","URY",2004,3283148,0.0597775816533495,15.078,9.575,-15668,2.093,75.319,15.2,23.7313888577958,62.7153821142669,13.5532290279374,59.4505495039191,37.8398369336375,21.6107125702816
"Uruguay","UY","URY",2005,3285771,0.0798609372229262,15.096,9.336,-16086,2.097,75.829,14.4,23.5227135427271,62.8085310875286,13.6687553697443,59.214030422378,37.4514474663524,21.7625829560256
"Uruguay","UY","URY",2006,3289506,0.113607393322573,14.829,9.423,-13161,2.07,75.888,13.6,23.3140290192465,62.8989789197863,13.7869920609672,58.9850686251671,37.0658065039975,21.9192621211696
"Uruguay","UY","URY",2007,3295153,0.171519933968135,14.613,9.326,-10750,2.048,76.15,12.7,23.0842426867952,63.0235322947876,13.8922250184172,58.6708765063403,36.627964648133,22.0429118582073
"Uruguay","UY","URY",2008,3302177,0.212934707039678,14.449,9.35,-9458,2.03,76.275,11.9,22.8390963235623,63.1699991899285,13.9909044865093,58.3029599925215,36.1549579694964,22.1480020230251
"Uruguay","UY","URY",2009,3310091,0.239373352045262,14.328,9.208,-8510,2.018,76.67,11.3,22.5720531550341,63.3383190975716,14.0896277473943,57.8823079373983,35.6372546213886,22.2450533160097
"Uruguay","UY","URY",2010,3318580,0.256129913246022,14.246,9.355,-7696,2.011,76.691,10.8,22.2892773415135,63.523238855173,14.1874838033135,57.4226662302485,35.0883509560878,22.3343152741607
"Uruguay","UY","URY",2011,3326825,0.248141512237734,14.052,9.563,-6982,1.987,76.614,10.4,22.0102382918005,63.713595351964,14.2761663562355,56.9523598346889,34.5455832122436,22.4067766224453
"Uruguay","UY","URY",2012,3335401,0.257451630638359,14.208,9.555,-6317,2.012,76.691,10,21.7486742973334,63.8868459894328,14.3644797132339,56.5267544018137,34.0425072610744,22.4842471407393
"Uruguay","UY","URY",2013,3345337,0.297452387025821,14.336,9.458,-5647,2.034,76.953,9.7,21.5240049059332,64.0250892510979,14.4509058429689,56.1887709485469,33.6180553772314,22.5707155713155
"Uruguay","UY","URY",2014,3356334,0.328187100513488,14.235,9.397,-4919,2.026,77.194,9.3,21.3228151127368,64.1471819927364,14.5300028945268,55.8914702038185,33.2404549199858,22.6510152838327
"Uruguay","UY","URY",2015,3368017,0.347483697847475,14.302,9.494,-4157,2.041,77.285,8.9,21.1456177329271,64.2445391457347,14.6098431213382,55.655253084089,32.9142647983817,22.7409882857073
"Uruguay","UY","URY",2016,3379283,0.333941294134426,13.726,9.581,-3506,1.966,77.351,8.4,20.9805452813511,64.3219434418485,14.6975112768004,55.467903558164,32.6180139039879,22.8498896541761
"Uruguay","UY","URY",2017,3388438,0.270549143036717,12.707,9.488,-3091,1.824,77.618,8,20.7672710504473,64.4238089089735,14.8089200405792,55.2221042886245,32.2353903711518,22.9867139174726
"Uruguay","UY","URY",2018,3394534,0.179744266709225,11.687,9.53,-2963,1.681,77.527,7.7,20.4930190712481,64.5510989137242,14.9558820150277,54.9160760110058,31.7469944674378,23.169081543568
"Uruguay","UY","URY",2019,3397206,0.0786838170441181,10.894,9.754,-2899,1.567,77.503,7.5,20.1749643935287,64.6984116798351,15.1266239266362,54.5633225323007,31.1830906968258,23.3802318354749
"Uruguay","UY","URY",2020,3398968,0.0518527053450753,10.41,9.219,-1482,1.497,78.381,7.3,19.8076445556416,64.866512423771,15.3258430205874,54.1627509533779,30.5360324239203,23.6267185294577
"Uruguay","UY","URY",2021,3396695,-0.0668956092956434,10.071,11.726,-1482,1.446,75.434,7.3,19.4316121158379,65.0844077970509,15.4839800871112,53.6466642752878,29.8560332633863,23.7906310119016
"Uruguay","UY","URY",2022,3390913,-0.170369337727093,9.958,10.832,-1501,1.425,76.468,7.3,19.0668560355279,65.3197383713472,15.6134055931249,53.0930916288326,29.1900533469139,23.9030382819188
"Uruguay","UY","URY",2023,3388081,-0.0835522251458198,9.871,9.783,-1501,1.409,78.138,7.4,18.6854031360825,65.5017789571411,15.8128179067764,52.6676318563048,28.5265807909238,24.141051065381
"Uruguay","UY","URY",2024,3386588,-0.0440759548302792,9.802,9.933,-1348,1.397,78.287,7.4,18.2929719075618,65.6618351068738,16.0451929855644,52.2955026226606,27.8593836567588,24.4361189659018
"Uruguay","UY","URY",2025,3384688,-0.0561194093953689,NA,NA,-1338,NA,NA,NA,17.8970557995301,65.8210446575874,16.2818995428825,51.9270485228497,27.1904542387975,24.7365942840522
